channel_id,channel_name,video_id,date,views,watch_time,likes,comments,subs,views_t-1,views_t-7,views_ma7
UCJMZv7U6JkcYayTbmJUSasg,Geeky Gadgets,hqozboqpV8w,2025-10-04,10,395,0,0,2,0.0,0.0,10.0
UCJMZv7U6JkcYayTbmJUSasg,Geeky Gadgets,ZERAbq4j414,2025-10-04,200,322,0,0,0,0.0,0.0,200.0
UCJMZv7U6JkcYayTbmJUSasg,Geeky Gadgets,U5Veg7k2d3E,2025-10-04,310,476,0,0,2,0.0,0.0,310.0
UCJMZv7U6JkcYayTbmJUSasg,Geeky Gadgets,Ia6-W9TkVT8,2025-10-04,367,172,0,0,-1,0.0,0.0,367.0
UCGdPm5Aq081vVD7ih9jZf6Q,FactTechz,8CdG1Ja-GWY,2025-10-04,5702881,143,226620,1461,0,0.0,0.0,5702881.0
UCGdPm5Aq081vVD7ih9jZf6Q,FactTechz,NIX71-DkbJw,2025-10-04,8328077,398,289774,2659,1,0.0,0.0,8328077.0
UCGdPm5Aq081vVD7ih9jZf6Q,FactTechz,T5SZhb0VWpA,2025-10-04,5869726,310,355471,2346,0,0.0,0.0,5869726.0
UCGdPm5Aq081vVD7ih9jZf6Q,FactTechz,vgrsdHzn9So,2025-10-04,5041035,364,256108,1929,1,0.0,0.0,5041035.0
UCPxMZIFE856tbTfdkdjzTSQ,BeerBiceps,QXdAdbipjzk,2025-10-04,432655,487,8551,74,1,0.0,0.0,432655.0
UCPxMZIFE856tbTfdkdjzTSQ,BeerBiceps,n8lILXS8XdE,2025-10-04,342235,283,9287,86,3,0.0,0.0,342235.0
UCPxMZIFE856tbTfdkdjzTSQ,BeerBiceps,pVwT25cmce8,2025-10-04,127853,157,2408,6,0,0.0,0.0,127853.0
UCBqFKDipsnzvJdt6UT0lMIg,Sandeep Maheshwari,Nh3Bg107fSc,2025-10-04,505805,475,14046,2051,0,0.0,0.0,505805.0
UCPxMZIFE856tbTfdkdjzTSQ,BeerBiceps,rpU7oTa711s,2025-10-04,4573,184,155,0,-1,0.0,0.0,4573.0
UCO2WJZKQoDW4Te6NHx4KfTg,Geekyranjit,_u2FjcrTL_A,2025-10-04,39677,275,1165,87,0,0.0,0.0,39677.0
UCO2WJZKQoDW4Te6NHx4KfTg,Geekyranjit,a7rKF-_-txM,2025-10-04,84735,334,2844,235,2,0.0,0.0,84735.0
UCO2WJZKQoDW4Te6NHx4KfTg,Geekyranjit,67yvnvsw1a0,2025-10-04,41790,468,1019,95,1,0.0,0.0,41790.0
UC7eHZXheF8nVOfwB2PEslMw,ashish chanchlani vines,Wa1NnVN4g4o,2025-10-04,2840080,166,171749,2768,3,0.0,0.0,2840080.0
UC7eHZXheF8nVOfwB2PEslMw,ashish chanchlani vines,tTnGNgGjPjI,2025-10-04,5934563,100,614522,34467,0,0.0,0.0,5934563.0
UC7eHZXheF8nVOfwB2PEslMw,ashish chanchlani vines,b0-2pIiF25A,2025-10-04,1432170,165,111645,2148,0,0.0,0.0,1432170.0
UC7eHZXheF8nVOfwB2PEslMw,ashish chanchlani vines,Aiob2139mN4,2025-10-04,10401028,128,410578,3327,-1,0.0,0.0,10401028.0
UCqwUrj10mAEsqezcItqvwEw,BB Ki Vines,PJ3ZQk_lr9E,2025-10-04,26767500,497,2043430,41403,3,0.0,0.0,26767500.0
UCqwUrj10mAEsqezcItqvwEw,BB Ki Vines,nLINrlaH-oc,2025-10-04,20553769,278,544671,16199,2,0.0,0.0,20553769.0
UCqwUrj10mAEsqezcItqvwEw,BB Ki Vines,yYF6basS7mg,2025-10-04,7774961,246,644227,24435,0,0.0,0.0,7774961.0
UCO2WJZKQoDW4Te6NHx4KfTg,Geekyranjit,yrvdw6CBr9A,2025-10-04,217488,335,5949,411,3,0.0,0.0,217488.0
UCBqFKDipsnzvJdt6UT0lMIg,Sandeep Maheshwari,95N4Ix8lOsc,2025-10-04,259355,103,12613,1130,2,0.0,0.0,259355.0
UCBqFKDipsnzvJdt6UT0lMIg,Sandeep Maheshwari,e5ij3r_aco0,2025-10-04,271866,409,11235,744,1,0.0,0.0,271866.0
UCBqFKDipsnzvJdt6UT0lMIg,Sandeep Maheshwari,C2Mb-DI9EUU,2025-10-04,352242,464,15602,1118,-1,0.0,0.0,352242.0
UCEPL07qzVsOcHd3sMUws65g,Trakin Tech,CGbMs5F0u2M,2025-10-04,1566453,166,44322,2203,0,0.0,0.0,1566453.0
UCEPL07qzVsOcHd3sMUws65g,Trakin Tech,ugcY8u6Fiz4,2025-10-04,586133,477,15610,1097,-1,0.0,0.0,586133.0
UCEPL07qzVsOcHd3sMUws65g,Trakin Tech,fBtkxKt-FNE,2025-10-04,289169,372,14073,391,2,0.0,0.0,289169.0
UCKO4P-n6MXW-TbGxOpYROSQ,MySmartPrice,FtP4I3i7kfA,2025-10-04,123238,193,2157,6,2,0.0,0.0,123238.0
UCKO4P-n6MXW-TbGxOpYROSQ,MySmartPrice,o-O197YfNBA,2025-10-04,2649,157,27,0,1,0.0,0.0,2649.0
UCKO4P-n6MXW-TbGxOpYROSQ,MySmartPrice,snGfgZTtAs0,2025-10-04,1549,128,60,0,2,0.0,0.0,1549.0
UCKO4P-n6MXW-TbGxOpYROSQ,MySmartPrice,zrkDkZ-khTA,2025-10-04,191,121,9,0,2,0.0,0.0,191.0
UCXUJJNoP1QupwsYIWFXmsZg,Tech Burner,WKsELvH_5hg,2025-10-04,1724188,107,57836,2918,2,0.0,0.0,1724188.0
UCXUJJNoP1QupwsYIWFXmsZg,Tech Burner,BBNjthn8O9Y,2025-10-04,2748422,182,42083,1581,-1,0.0,0.0,2748422.0
UCXUJJNoP1QupwsYIWFXmsZg,Tech Burner,H_4j7eMVU5E,2025-10-04,206426,177,5163,294,-1,0.0,0.0,206426.0
UCXUJJNoP1QupwsYIWFXmsZg,Tech Burner,vQapfLDo-lo,2025-10-04,2996768,124,159668,5858,-1,0.0,0.0,2996768.0
UClVIlK8QHZ2PFkXF97bA0lg,C4ETech English,nNI5zIyETKc,2025-10-04,10954,310,287,5,0,0.0,0.0,10954.0
UClVIlK8QHZ2PFkXF97bA0lg,C4ETech English,e11BgLBo8OE,2025-10-04,7625,106,188,6,0,0.0,0.0,7625.0
UClVIlK8QHZ2PFkXF97bA0lg,C4ETech English,F3PVLLREEEQ,2025-10-04,113907,437,1738,163,1,0.0,0.0,113907.0
UClVIlK8QHZ2PFkXF97bA0lg,C4ETech English,uiBahVN9Tck,2025-10-04,19709,434,382,9,0,0.0,0.0,19709.0
UC1D1vdq169T7w5iJ45zZL5Q,Technical Dost,IEpCPkgB-PE,2025-10-04,161509,444,13838,210,0,0.0,0.0,161509.0
UC1D1vdq169T7w5iJ45zZL5Q,Technical Dost,X5A0qu3oGS0,2025-10-04,359319,396,30323,3193,3,0.0,0.0,359319.0
UC1D1vdq169T7w5iJ45zZL5Q,Technical Dost,CglEaYCedgY,2025-10-04,378088,229,24996,563,1,0.0,0.0,378088.0
UC1D1vdq169T7w5iJ45zZL5Q,Technical Dost,hAKnInpfujU,2025-10-04,70667,114,5319,429,0,0.0,0.0,70667.0
UCNn6AaHharXIbkRleXGboiQ,Mumbiker Nikhil,CACrqNHZEZI,2025-10-04,104347,114,6217,157,3,0.0,0.0,104347.0
UCNn6AaHharXIbkRleXGboiQ,Mumbiker Nikhil,fQ9xkWwihFo,2025-10-04,84734,288,5138,106,-1,0.0,0.0,84734.0
UCNn6AaHharXIbkRleXGboiQ,Mumbiker Nikhil,pDMKu_t4nnk,2025-10-04,82561,498,6393,191,2,0.0,0.0,82561.0
UCNn6AaHharXIbkRleXGboiQ,Mumbiker Nikhil,c7Kjor8G1Lc,2025-10-04,102863,131,8885,292,0,0.0,0.0,102863.0
UCqwUrj10mAEsqezcItqvwEw,BB Ki Vines,-6fk3PXpznY,2025-10-04,35327371,243,3076240,69658,3,0.0,0.0,35327371.0
UCj22tfcQrWG7EMEKS0qLeEg,CarryMinati,Zfc5rKZhyfw,2025-10-04,5386292,203,340840,4689,-1,0.0,0.0,5386292.0
UCEPL07qzVsOcHd3sMUws65g,Trakin Tech,rF39NUo9cm4,2025-10-04,244598,272,11006,426,2,0.0,0.0,244598.0
UCOhHO2ICt0ti9KAh-QHvttQ,Technical Guruji,g99Ofaez3Q0,2025-10-04,111049,338,3447,182,-1,0.0,0.0,111049.0
UCOhHO2ICt0ti9KAh-QHvttQ,Technical Guruji,CFGvmK-PvQY,2025-10-04,31535,166,1610,160,1,0.0,0.0,31535.0
UCj22tfcQrWG7EMEKS0qLeEg,CarryMinati,k4vkJ9PdXwI,2025-10-04,1518160,144,96091,2095,1,0.0,0.0,1518160.0
UCj22tfcQrWG7EMEKS0qLeEg,CarryMinati,QoqokgcX96M,2025-10-04,36182093,294,2730273,66714,-1,0.0,0.0,36182093.0
UCOhHO2ICt0ti9KAh-QHvttQ,Technical Guruji,smgU6Y1j90M,2025-10-04,108497,232,3553,527,2,0.0,0.0,108497.0
UCOhHO2ICt0ti9KAh-QHvttQ,Technical Guruji,N2P6W2YiVxE,2025-10-04,181256,122,8274,433,-1,0.0,0.0,181256.0
UCj22tfcQrWG7EMEKS0qLeEg,CarryMinati,465iEeNOEBg,2025-10-04,29961597,290,3199320,95878,-1,0.0,0.0,29961597.0
UCBqFKDipsnzvJdt6UT0lMIg,Sandeep Maheshwari,95N4Ix8lOsc,2025-10-05,268725,359,11963,1035,0,259355.0,0.0,264040.0
UCJMZv7U6JkcYayTbmJUSasg,Geeky Gadgets,U5Veg7k2d3E,2025-10-05,324,201,0,0,1,310.0,0.0,317.0
UC7eHZXheF8nVOfwB2PEslMw,ashish chanchlani vines,tTnGNgGjPjI,2025-10-05,5486552,486,631026,36126,1,5934563.0,0.0,5710557.5
UC1D1vdq169T7w5iJ45zZL5Q,Technical Dost,X5A0qu3oGS0,2025-10-05,354370,207,31261,3290,0,359319.0,0.0,356844.5
UC1D1vdq169T7w5iJ45zZL5Q,Technical Dost,IEpCPkgB-PE,2025-10-05,163141,396,13441,212,3,161509.0,0.0,162325.0
UC1D1vdq169T7w5iJ45zZL5Q,Technical Dost,CglEaYCedgY,2025-10-05,387040,191,26252,588,0,378088.0,0.0,382564.0
UCJMZv7U6JkcYayTbmJUSasg,Geeky Gadgets,hqozboqpV8w,2025-10-05,10,306,0,0,1,10.0,0.0,10.0
UClVIlK8QHZ2PFkXF97bA0lg,C4ETech English,uiBahVN9Tck,2025-10-05,18154,488,366,9,3,19709.0,0.0,18931.5
UC7eHZXheF8nVOfwB2PEslMw,ashish chanchlani vines,b0-2pIiF25A,2025-10-05,1440313,428,106252,2175,3,1432170.0,0.0,1436241.5
UClVIlK8QHZ2PFkXF97bA0lg,C4ETech English,F3PVLLREEEQ,2025-10-05,103834,252,1809,170,1,113907.0,0.0,108870.5
UCJMZv7U6JkcYayTbmJUSasg,Geeky Gadgets,Ia6-W9TkVT8,2025-10-05,358,114,0,0,2,367.0,0.0,362.5
UClVIlK8QHZ2PFkXF97bA0lg,C4ETech English,e11BgLBo8OE,2025-10-05,7031,171,195,7,3,7625.0,0.0,7328.0
UCEPL07qzVsOcHd3sMUws65g,Trakin Tech,rF39NUo9cm4,2025-10-05,250897,209,10942,394,2,244598.0,0.0,247747.5
UCPxMZIFE856tbTfdkdjzTSQ,BeerBiceps,QXdAdbipjzk,2025-10-05,435917,382,8596,75,0,432655.0,0.0,434286.0
UC7eHZXheF8nVOfwB2PEslMw,ashish chanchlani vines,Wa1NnVN4g4o,2025-10-05,2729879,442,161846,2783,-1,2840080.0,0.0,2784979.5
UC1D1vdq169T7w5iJ45zZL5Q,Technical Dost,hAKnInpfujU,2025-10-05,69579,123,4981,435,2,70667.0,0.0,70123.0
UCO2WJZKQoDW4Te6NHx4KfTg,Geekyranjit,yrvdw6CBr9A,2025-10-05,215131,419,5503,411,0,217488.0,0.0,216309.5
UCNn6AaHharXIbkRleXGboiQ,Mumbiker Nikhil,CACrqNHZEZI,2025-10-05,102391,366,6379,157,1,104347.0,0.0,103369.0
UCNn6AaHharXIbkRleXGboiQ,Mumbiker Nikhil,fQ9xkWwihFo,2025-10-05,88622,388,4735,110,-1,84734.0,0.0,86678.0
UCJMZv7U6JkcYayTbmJUSasg,Geeky Gadgets,ZERAbq4j414,2025-10-05,184,379,0,0,0,200.0,0.0,192.0
UCO2WJZKQoDW4Te6NHx4KfTg,Geekyranjit,67yvnvsw1a0,2025-10-05,41529,500,1046,89,0,41790.0,0.0,41659.5
UCNn6AaHharXIbkRleXGboiQ,Mumbiker Nikhil,pDMKu_t4nnk,2025-10-05,84670,213,6008,190,3,82561.0,0.0,83615.5
UCNn6AaHharXIbkRleXGboiQ,Mumbiker Nikhil,c7Kjor8G1Lc,2025-10-05,104680,339,9136,273,2,102863.0,0.0,103771.5
UCBqFKDipsnzvJdt6UT0lMIg,Sandeep Maheshwari,Nh3Bg107fSc,2025-10-05,511197,250,13953,1911,-1,505805.0,0.0,508501.0
UCBqFKDipsnzvJdt6UT0lMIg,Sandeep Maheshwari,C2Mb-DI9EUU,2025-10-05,368342,352,15036,1149,0,352242.0,0.0,360292.0
UCO2WJZKQoDW4Te6NHx4KfTg,Geekyranjit,a7rKF-_-txM,2025-10-05,82189,195,2829,216,-1,84735.0,0.0,83462.0
UCj22tfcQrWG7EMEKS0qLeEg,CarryMinati,k4vkJ9PdXwI,2025-10-05,1484452,468,99924,2071,-1,1518160.0,0.0,1501306.0
UCBqFKDipsnzvJdt6UT0lMIg,Sandeep Maheshwari,e5ij3r_aco0,2025-10-05,270611,203,10885,731,1,271866.0,0.0,271238.5
UCOhHO2ICt0ti9KAh-QHvttQ,Technical Guruji,N2P6W2YiVxE,2025-10-05,183327,211,8379,413,0,181256.0,0.0,182291.5
UCO2WJZKQoDW4Te6NHx4KfTg,Geekyranjit,_u2FjcrTL_A,2025-10-05,38756,253,1219,89,3,39677.0,0.0,39216.5
UCPxMZIFE856tbTfdkdjzTSQ,BeerBiceps,rpU7oTa711s,2025-10-05,4727,245,143,0,1,4573.0,0.0,4650.0
UC7eHZXheF8nVOfwB2PEslMw,ashish chanchlani vines,Aiob2139mN4,2025-10-05,10380214,356,374837,3238,-1,10401028.0,0.0,10390621.0
UClVIlK8QHZ2PFkXF97bA0lg,C4ETech English,nNI5zIyETKc,2025-10-05,10997,432,281,5,3,10954.0,0.0,10975.5
UCj22tfcQrWG7EMEKS0qLeEg,CarryMinati,465iEeNOEBg,2025-10-05,31533199,348,3045155,90944,0,29961597.0,0.0,30747398.0
UCqwUrj10mAEsqezcItqvwEw,BB Ki Vines,yYF6basS7mg,2025-10-05,7461188,432,591674,24466,2,7774961.0,0.0,7618074.5
UCKO4P-n6MXW-TbGxOpYROSQ,MySmartPrice,o-O197YfNBA,2025-10-05,2695,113,28,0,1,2649.0,0.0,2672.0
UCOhHO2ICt0ti9KAh-QHvttQ,Technical Guruji,CFGvmK-PvQY,2025-10-05,28922,355,1547,148,1,31535.0,0.0,30228.5
UCGdPm5Aq081vVD7ih9jZf6Q,FactTechz,T5SZhb0VWpA,2025-10-05,6140166,197,340762,2160,-1,5869726.0,0.0,6004946.0
UCPxMZIFE856tbTfdkdjzTSQ,BeerBiceps,pVwT25cmce8,2025-10-05,118965,285,2384,7,1,127853.0,0.0,123409.0
UCKO4P-n6MXW-TbGxOpYROSQ,MySmartPrice,FtP4I3i7kfA,2025-10-05,123630,444,2166,6,1,123238.0,0.0,123434.0
UCEPL07qzVsOcHd3sMUws65g,Trakin Tech,fBtkxKt-FNE,2025-10-05,268545,226,14425,405,1,289169.0,0.0,278857.0
UCGdPm5Aq081vVD7ih9jZf6Q,FactTechz,vgrsdHzn9So,2025-10-05,4766920,468,234934,1846,-1,5041035.0,0.0,4903977.5
UCEPL07qzVsOcHd3sMUws65g,Trakin Tech,ugcY8u6Fiz4,2025-10-05,554280,210,16199,1092,0,586133.0,0.0,570206.5
UCEPL07qzVsOcHd3sMUws65g,Trakin Tech,CGbMs5F0u2M,2025-10-05,1541000,357,44803,2141,-1,1566453.0,0.0,1553726.5
UCPxMZIFE856tbTfdkdjzTSQ,BeerBiceps,n8lILXS8XdE,2025-10-05,326503,270,9402,83,3,342235.0,0.0,334369.0
UCj22tfcQrWG7EMEKS0qLeEg,CarryMinati,Zfc5rKZhyfw,2025-10-05,5069735,376,358691,4824,0,5386292.0,0.0,5228013.5
UCqwUrj10mAEsqezcItqvwEw,BB Ki Vines,-6fk3PXpznY,2025-10-05,34903761,279,3136314,66059,1,35327371.0,0.0,35115566.0
UCKO4P-n6MXW-TbGxOpYROSQ,MySmartPrice,zrkDkZ-khTA,2025-10-05,196,398,9,0,-1,191.0,0.0,193.5
UCKO4P-n6MXW-TbGxOpYROSQ,MySmartPrice,snGfgZTtAs0,2025-10-05,1457,100,58,1,0,1549.0,0.0,1503.0
UCqwUrj10mAEsqezcItqvwEw,BB Ki Vines,nLINrlaH-oc,2025-10-05,19858012,271,523649,16246,1,20553769.0,0.0,20205890.5
UCOhHO2ICt0ti9KAh-QHvttQ,Technical Guruji,g99Ofaez3Q0,2025-10-05,113767,332,3228,173,1,111049.0,0.0,112408.0
UCXUJJNoP1QupwsYIWFXmsZg,Tech Burner,vQapfLDo-lo,2025-10-05,2733446,188,153660,5398,2,2996768.0,0.0,2865107.0
UCGdPm5Aq081vVD7ih9jZf6Q,FactTechz,8CdG1Ja-GWY,2025-10-05,5984716,378,230978,1503,1,5702881.0,0.0,5843798.5
UCj22tfcQrWG7EMEKS0qLeEg,CarryMinati,QoqokgcX96M,2025-10-05,33915095,319,2743640,68957,-1,36182093.0,0.0,35048594.0
UCqwUrj10mAEsqezcItqvwEw,BB Ki Vines,PJ3ZQk_lr9E,2025-10-05,27326242,128,2115284,39258,-1,26767500.0,0.0,27046871.0
UCXUJJNoP1QupwsYIWFXmsZg,Tech Burner,H_4j7eMVU5E,2025-10-05,196139,196,5025,270,2,206426.0,0.0,201282.5
UCOhHO2ICt0ti9KAh-QHvttQ,Technical Guruji,smgU6Y1j90M,2025-10-05,107782,494,3518,505,-1,108497.0,0.0,108139.5
UCXUJJNoP1QupwsYIWFXmsZg,Tech Burner,BBNjthn8O9Y,2025-10-05,2667480,167,43391,1527,-1,2748422.0,0.0,2707951.0
UCGdPm5Aq081vVD7ih9jZf6Q,FactTechz,NIX71-DkbJw,2025-10-05,8407805,126,293448,2452,-1,8328077.0,0.0,8367941.0
UCXUJJNoP1QupwsYIWFXmsZg,Tech Burner,WKsELvH_5hg,2025-10-05,1612323,161,53334,2893,-1,1724188.0,0.0,1668255.5
UCJMZv7U6JkcYayTbmJUSasg,Geeky Gadgets,ZERAbq4j414,2025-10-06,169,358,0,0,2,184.0,0.0,184.33333333333334
UCGdPm5Aq081vVD7ih9jZf6Q,FactTechz,T5SZhb0VWpA,2025-10-06,5851032,102,330346,2106,3,6140166.0,0.0,5953641.333333333
UCGdPm5Aq081vVD7ih9jZf6Q,FactTechz,NIX71-DkbJw,2025-10-06,7908848,460,291745,2275,3,8407805.0,0.0,8214910.0
UCJMZv7U6JkcYayTbmJUSasg,Geeky Gadgets,hqozboqpV8w,2025-10-06,11,194,0,0,3,10.0,0.0,10.333333333333334
UCGdPm5Aq081vVD7ih9jZf6Q,FactTechz,8CdG1Ja-GWY,2025-10-06,5592749,450,227337,1407,0,5984716.0,0.0,5760115.333333333
UCGdPm5Aq081vVD7ih9jZf6Q,FactTechz,vgrsdHzn9So,2025-10-06,4432003,222,242826,1923,2,4766920.0,0.0,4746652.666666667
UCJMZv7U6JkcYayTbmJUSasg,Geeky Gadgets,U5Veg7k2d3E,2025-10-06,305,148,0,0,2,324.0,0.0,313.0
UCJMZv7U6JkcYayTbmJUSasg,Geeky Gadgets,Ia6-W9TkVT8,2025-10-06,367,244,0,0,2,358.0,0.0,364.0
UCj22tfcQrWG7EMEKS0qLeEg,CarryMinati,465iEeNOEBg,2025-10-06,30719810,200,3144112,93600,2,31533199.0,0.0,30738202.0
UCBqFKDipsnzvJdt6UT0lMIg,Sandeep Maheshwari,Nh3Bg107fSc,2025-10-06,516756,370,13318,1843,2,511197.0,0.0,511252.6666666667
UC1D1vdq169T7w5iJ45zZL5Q,Technical Dost,CglEaYCedgY,2025-10-06,402173,425,25317,567,3,387040.0,0.0,389100.3333333333
UCBqFKDipsnzvJdt6UT0lMIg,Sandeep Maheshwari,e5ij3r_aco0,2025-10-06,261521,219,10675,672,3,270611.0,0.0,267999.3333333333
UCEPL07qzVsOcHd3sMUws65g,Trakin Tech,rF39NUo9cm4,2025-10-06,258567,171,10118,368,-1,250897.0,0.0,251354.0
UCEPL07qzVsOcHd3sMUws65g,Trakin Tech,CGbMs5F0u2M,2025-10-06,1567058,475,42431,2213,2,1541000.0,0.0,1558170.3333333333
UCEPL07qzVsOcHd3sMUws65g,Trakin Tech,ugcY8u6Fiz4,2025-10-06,564252,243,16470,1133,1,554280.0,0.0,568221.6666666666
UCEPL07qzVsOcHd3sMUws65g,Trakin Tech,fBtkxKt-FNE,2025-10-06,249831,428,13588,412,-1,268545.0,0.0,269181.6666666667
UCOhHO2ICt0ti9KAh-QHvttQ,Technical Guruji,CFGvmK-PvQY,2025-10-06,27336,307,1572,153,2,28922.0,0.0,29264.333333333332
UCKO4P-n6MXW-TbGxOpYROSQ,MySmartPrice,FtP4I3i7kfA,2025-10-06,123567,407,2232,7,2,123630.0,0.0,123478.33333333333
UCKO4P-n6MXW-TbGxOpYROSQ,MySmartPrice,o-O197YfNBA,2025-10-06,2516,162,30,0,3,2695.0,0.0,2620.0
UCKO4P-n6MXW-TbGxOpYROSQ,MySmartPrice,snGfgZTtAs0,2025-10-06,1523,133,57,2,0,1457.0,0.0,1509.6666666666667
UCKO4P-n6MXW-TbGxOpYROSQ,MySmartPrice,zrkDkZ-khTA,2025-10-06,205,278,9,0,1,196.0,0.0,197.33333333333334
UCXUJJNoP1QupwsYIWFXmsZg,Tech Burner,WKsELvH_5hg,2025-10-06,1546535,226,51749,2650,1,1612323.0,0.0,1627682.0
UCXUJJNoP1QupwsYIWFXmsZg,Tech Burner,BBNjthn8O9Y,2025-10-06,2558225,231,39849,1552,1,2667480.0,0.0,2658042.3333333335
UCXUJJNoP1QupwsYIWFXmsZg,Tech Burner,H_4j7eMVU5E,2025-10-06,196394,362,5267,258,3,196139.0,0.0,199653.0
UCOhHO2ICt0ti9KAh-QHvttQ,Technical Guruji,g99Ofaez3Q0,2025-10-06,103728,357,2995,169,2,113767.0,0.0,109514.66666666667
UCBqFKDipsnzvJdt6UT0lMIg,Sandeep Maheshwari,95N4Ix8lOsc,2025-10-06,260779,302,11263,1002,2,268725.0,0.0,262953.0
UCXUJJNoP1QupwsYIWFXmsZg,Tech Burner,vQapfLDo-lo,2025-10-06,2507787,322,157513,4913,3,2733446.0,0.0,2746000.3333333335
UClVIlK8QHZ2PFkXF97bA0lg,C4ETech English,e11BgLBo8OE,2025-10-06,7009,163,205,7,2,7031.0,0.0,7221.666666666667
UClVIlK8QHZ2PFkXF97bA0lg,C4ETech English,F3PVLLREEEQ,2025-10-06,101162,478,1876,176,0,103834.0,0.0,106301.0
UClVIlK8QHZ2PFkXF97bA0lg,C4ETech English,uiBahVN9Tck,2025-10-06,17192,204,361,9,3,18154.0,0.0,18351.666666666668
UC1D1vdq169T7w5iJ45zZL5Q,Technical Dost,IEpCPkgB-PE,2025-10-06,154002,101,12615,204,2,163141.0,0.0,159550.66666666666
UC1D1vdq169T7w5iJ45zZL5Q,Technical Dost,X5A0qu3oGS0,2025-10-06,322770,113,29340,3059,-1,354370.0,0.0,345486.3333333333
UCOhHO2ICt0ti9KAh-QHvttQ,Technical Guruji,N2P6W2YiVxE,2025-10-06,190485,497,7845,395,2,183327.0,0.0,185022.66666666666
UC1D1vdq169T7w5iJ45zZL5Q,Technical Dost,hAKnInpfujU,2025-10-06,63976,372,4784,430,0,69579.0,0.0,68074.0
UCNn6AaHharXIbkRleXGboiQ,Mumbiker Nikhil,CACrqNHZEZI,2025-10-06,100732,365,6230,153,0,102391.0,0.0,102490.0
UCNn6AaHharXIbkRleXGboiQ,Mumbiker Nikhil,fQ9xkWwihFo,2025-10-06,83559,458,4637,110,0,88622.0,0.0,85638.33333333333
UCNn6AaHharXIbkRleXGboiQ,Mumbiker Nikhil,pDMKu_t4nnk,2025-10-06,84314,490,5929,191,3,84670.0,0.0,83848.33333333333
UCNn6AaHharXIbkRleXGboiQ,Mumbiker Nikhil,c7Kjor8G1Lc,2025-10-06,106471,481,8861,250,1,104680.0,0.0,104671.33333333333
UCBqFKDipsnzvJdt6UT0lMIg,Sandeep Maheshwari,C2Mb-DI9EUU,2025-10-06,336193,167,14740,1069,-1,368342.0,0.0,352259.0
UCOhHO2ICt0ti9KAh-QHvttQ,Technical Guruji,smgU6Y1j90M,2025-10-06,100812,450,3697,514,2,107782.0,0.0,105697.0
UClVIlK8QHZ2PFkXF97bA0lg,C4ETech English,nNI5zIyETKc,2025-10-06,10692,280,258,5,0,10997.0,0.0,10881.0
UCPxMZIFE856tbTfdkdjzTSQ,BeerBiceps,QXdAdbipjzk,2025-10-06,436135,270,8228,69,1,435917.0,0.0,434902.3333333333
UCj22tfcQrWG7EMEKS0qLeEg,CarryMinati,Zfc5rKZhyfw,2025-10-06,4943751,466,353640,4625,2,5069735.0,0.0,5133259.333333333
UCqwUrj10mAEsqezcItqvwEw,BB Ki Vines,yYF6basS7mg,2025-10-06,6937049,329,575235,22936,3,7461188.0,0.0,7391066.0
UC7eHZXheF8nVOfwB2PEslMw,ashish chanchlani vines,Wa1NnVN4g4o,2025-10-06,2508303,146,157717,2763,0,2729879.0,0.0,2692754.0
UCqwUrj10mAEsqezcItqvwEw,BB Ki Vines,PJ3ZQk_lr9E,2025-10-06,28475775,293,2019151,40879,1,27326242.0,0.0,27523172.333333332
UC7eHZXheF8nVOfwB2PEslMw,ashish chanchlani vines,Aiob2139mN4,2025-10-06,9554735,114,341748,3096,-1,10380214.0,0.0,10111992.333333334
UCO2WJZKQoDW4Te6NHx4KfTg,Geekyranjit,_u2FjcrTL_A,2025-10-06,36698,255,1221,93,-1,38756.0,0.0,38377.0
UCj22tfcQrWG7EMEKS0qLeEg,CarryMinati,k4vkJ9PdXwI,2025-10-06,1475816,111,97295,2027,3,1484452.0,0.0,1492809.3333333333
UC7eHZXheF8nVOfwB2PEslMw,ashish chanchlani vines,tTnGNgGjPjI,2025-10-06,5307689,281,614759,33243,2,5486552.0,0.0,5576268.0
UCPxMZIFE856tbTfdkdjzTSQ,BeerBiceps,n8lILXS8XdE,2025-10-06,323681,428,9521,76,3,326503.0,0.0,330806.3333333333
UCqwUrj10mAEsqezcItqvwEw,BB Ki Vines,-6fk3PXpznY,2025-10-06,32519262,317,3234536,64501,2,34903761.0,0.0,34250131.333333336
UCPxMZIFE856tbTfdkdjzTSQ,BeerBiceps,rpU7oTa711s,2025-10-06,4756,169,136,0,-1,4727.0,0.0,4685.333333333333
UCO2WJZKQoDW4Te6NHx4KfTg,Geekyranjit,67yvnvsw1a0,2025-10-06,37968,234,971,82,0,41529.0,0.0,40429.0
UC7eHZXheF8nVOfwB2PEslMw,ashish chanchlani vines,b0-2pIiF25A,2025-10-06,1395485,262,110503,2003,2,1440313.0,0.0,1422656.0
UCqwUrj10mAEsqezcItqvwEw,BB Ki Vines,nLINrlaH-oc,2025-10-06,20587770,361,505733,17061,3,19858012.0,0.0,20333183.666666668
UCPxMZIFE856tbTfdkdjzTSQ,BeerBiceps,pVwT25cmce8,2025-10-06,118918,279,2503,7,2,118965.0,0.0,121912.0
UCO2WJZKQoDW4Te6NHx4KfTg,Geekyranjit,yrvdw6CBr9A,2025-10-06,200938,369,5532,389,0,215131.0,0.0,211185.66666666666
UCO2WJZKQoDW4Te6NHx4KfTg,Geekyranjit,a7rKF-_-txM,2025-10-06,74793,262,2865,225,2,82189.0,0.0,80572.33333333333
UCj22tfcQrWG7EMEKS0qLeEg,CarryMinati,QoqokgcX96M,2025-10-06,31449508,300,2738413,66065,-1,33915095.0,0.0,33848898.666666664
UCJMZv7U6JkcYayTbmJUSasg,Geeky Gadgets,ZERAbq4j414,2025-10-07,165,150,0,0,2,169.0,0.0,179.5
UCXUJJNoP1QupwsYIWFXmsZg,Tech Burner,H_4j7eMVU5E,2025-10-07,194107,483,4793,265,0,196394.0,0.0,198266.5
UCNn6AaHharXIbkRleXGboiQ,Mumbiker Nikhil,CACrqNHZEZI,2025-10-07,105301,332,6061,152,0,100732.0,0.0,103192.75
UCO2WJZKQoDW4Te6NHx4KfTg,Geekyranjit,yrvdw6CBr9A,2025-10-07,186919,330,5384,397,3,200938.0,0.0,205119.0
UCJMZv7U6JkcYayTbmJUSasg,Geeky Gadgets,U5Veg7k2d3E,2025-10-07,280,104,1,0,-1,305.0,0.0,304.75
UCXUJJNoP1QupwsYIWFXmsZg,Tech Burner,BBNjthn8O9Y,2025-10-07,2365756,109,41000,1628,2,2558225.0,0.0,2584970.75
UCqwUrj10mAEsqezcItqvwEw,BB Ki Vines,PJ3ZQk_lr9E,2025-10-07,29890554,295,2006119,40702,-1,28475775.0,0.0,28115017.75
UCOhHO2ICt0ti9KAh-QHvttQ,Technical Guruji,N2P6W2YiVxE,2025-10-07,194901,327,7185,387,1,190485.0,0.0,187492.25
UCNn6AaHharXIbkRleXGboiQ,Mumbiker Nikhil,c7Kjor8G1Lc,2025-10-07,100601,464,8690,246,3,106471.0,0.0,103653.75
UCOhHO2ICt0ti9KAh-QHvttQ,Technical Guruji,g99Ofaez3Q0,2025-10-07,105953,372,2818,174,1,103728.0,0.0,108624.25
UCBqFKDipsnzvJdt6UT0lMIg,Sandeep Maheshwari,Nh3Bg107fSc,2025-10-07,540032,444,12917,1823,0,516756.0,0.0,518447.5
UC7eHZXheF8nVOfwB2PEslMw,ashish chanchlani vines,Aiob2139mN4,2025-10-07,9717614,245,312658,2817,1,9554735.0,0.0,10013397.75
UCXUJJNoP1QupwsYIWFXmsZg,Tech Burner,vQapfLDo-lo,2025-10-07,2384612,368,159486,4544,-1,2507787.0,0.0,2655653.25
UC7eHZXheF8nVOfwB2PEslMw,ashish chanchlani vines,tTnGNgGjPjI,2025-10-07,5246616,143,576114,30938,0,5307689.0,0.0,5493855.0
UClVIlK8QHZ2PFkXF97bA0lg,C4ETech English,nNI5zIyETKc,2025-10-07,10059,479,241,6,-1,10692.0,0.0,10675.5
UCOhHO2ICt0ti9KAh-QHvttQ,Technical Guruji,smgU6Y1j90M,2025-10-07,101018,224,3868,500,3,100812.0,0.0,104527.25
UC7eHZXheF8nVOfwB2PEslMw,ashish chanchlani vines,b0-2pIiF25A,2025-10-07,1432060,342,101712,2079,2,1395485.0,0.0,1425007.0
UCBqFKDipsnzvJdt6UT0lMIg,Sandeep Maheshwari,95N4Ix8lOsc,2025-10-07,274154,106,11769,969,0,260779.0,0.0,265753.25
UCj22tfcQrWG7EMEKS0qLeEg,CarryMinati,Zfc5rKZhyfw,2025-10-07,5019652,165,344694,4611,1,4943751.0,0.0,5104857.5
UCO2WJZKQoDW4Te6NHx4KfTg,Geekyranjit,_u2FjcrTL_A,2025-10-07,36365,167,1151,96,2,36698.0,0.0,37874.0
UClVIlK8QHZ2PFkXF97bA0lg,C4ETech English,e11BgLBo8OE,2025-10-07,7098,150,196,7,2,7009.0,0.0,7190.75
UCO2WJZKQoDW4Te6NHx4KfTg,Geekyranjit,a7rKF-_-txM,2025-10-07,71856,330,2708,209,3,74793.0,0.0,78393.25
UCBqFKDipsnzvJdt6UT0lMIg,Sandeep Maheshwari,e5ij3r_aco0,2025-10-07,259058,229,10487,696,2,261521.0,0.0,265764.0
UCj22tfcQrWG7EMEKS0qLeEg,CarryMinati,QoqokgcX96M,2025-10-07,33028417,374,2842504,65069,1,31449508.0,0.0,33643778.25
UClVIlK8QHZ2PFkXF97bA0lg,C4ETech English,F3PVLLREEEQ,2025-10-07,95325,236,1771,176,0,101162.0,0.0,103557.0
UC1D1vdq169T7w5iJ45zZL5Q,Technical Dost,IEpCPkgB-PE,2025-10-07,140095,394,11532,210,3,154002.0,0.0,154686.75
UCPxMZIFE856tbTfdkdjzTSQ,BeerBiceps,rpU7oTa711s,2025-10-07,4488,212,128,0,1,4756.0,0.0,4636.0
UC1D1vdq169T7w5iJ45zZL5Q,Technical Dost,X5A0qu3oGS0,2025-10-07,306999,206,28031,2857,1,322770.0,0.0,335864.5
UCKO4P-n6MXW-TbGxOpYROSQ,MySmartPrice,FtP4I3i7kfA,2025-10-07,128448,389,2261,7,-1,123567.0,0.0,124720.75
UC7eHZXheF8nVOfwB2PEslMw,ashish chanchlani vines,Wa1NnVN4g4o,2025-10-07,2378241,264,161418,2647,-1,2508303.0,0.0,2614125.75
UCEPL07qzVsOcHd3sMUws65g,Trakin Tech,fBtkxKt-FNE,2025-10-07,237978,461,13296,411,-1,249831.0,0.0,261380.75
UCOhHO2ICt0ti9KAh-QHvttQ,Technical Guruji,CFGvmK-PvQY,2025-10-07,28751,240,1595,154,3,27336.0,0.0,29136.0
UCGdPm5Aq081vVD7ih9jZf6Q,FactTechz,T5SZhb0VWpA,2025-10-07,5925137,265,311674,2037,0,5851032.0,0.0,5946515.25
UC1D1vdq169T7w5iJ45zZL5Q,Technical Dost,hAKnInpfujU,2025-10-07,63233,495,4729,403,3,63976.0,0.0,66863.75
UCEPL07qzVsOcHd3sMUws65g,Trakin Tech,ugcY8u6Fiz4,2025-10-07,591050,189,16222,1158,1,564252.0,0.0,573928.75
UCJMZv7U6JkcYayTbmJUSasg,Geeky Gadgets,hqozboqpV8w,2025-10-07,12,403,0,0,1,11.0,0.0,10.75
UCqwUrj10mAEsqezcItqvwEw,BB Ki Vines,-6fk3PXpznY,2025-10-07,30804561,189,3313083,66150,-1,32519262.0,0.0,33388738.75
UCGdPm5Aq081vVD7ih9jZf6Q,FactTechz,vgrsdHzn9So,2025-10-07,4307548,247,225709,1774,3,4432003.0,0.0,4636876.5
UCNn6AaHharXIbkRleXGboiQ,Mumbiker Nikhil,fQ9xkWwihFo,2025-10-07,82948,305,4312,103,0,83559.0,0.0,84965.75
UCEPL07qzVsOcHd3sMUws65g,Trakin Tech,CGbMs5F0u2M,2025-10-07,1633205,319,40116,2307,1,1567058.0,0.0,1576929.0
UCO2WJZKQoDW4Te6NHx4KfTg,Geekyranjit,67yvnvsw1a0,2025-10-07,34802,235,922,81,-1,37968.0,0.0,39022.25
UCEPL07qzVsOcHd3sMUws65g,Trakin Tech,rF39NUo9cm4,2025-10-07,270921,109,9877,340,1,258567.0,0.0,256245.75
UCPxMZIFE856tbTfdkdjzTSQ,BeerBiceps,QXdAdbipjzk,2025-10-07,399259,322,7823,68,-1,436135.0,0.0,425991.5
UCPxMZIFE856tbTfdkdjzTSQ,BeerBiceps,n8lILXS8XdE,2025-10-07,296684,370,9450,75,0,323681.0,0.0,322275.75
UCGdPm5Aq081vVD7ih9jZf6Q,FactTechz,NIX71-DkbJw,2025-10-07,8217677,199,285228,2086,2,7908848.0,0.0,8215601.75
UCBqFKDipsnzvJdt6UT0lMIg,Sandeep Maheshwari,C2Mb-DI9EUU,2025-10-07,337188,312,13955,1023,3,336193.0,0.0,348491.25
UCqwUrj10mAEsqezcItqvwEw,BB Ki Vines,yYF6basS7mg,2025-10-07,6711630,276,548493,20916,2,6937049.0,0.0,7221207.0
UCKO4P-n6MXW-TbGxOpYROSQ,MySmartPrice,o-O197YfNBA,2025-10-07,2530,131,31,0,3,2516.0,0.0,2597.5
UCGdPm5Aq081vVD7ih9jZf6Q,FactTechz,8CdG1Ja-GWY,2025-10-07,5360179,395,222470,1452,3,5592749.0,0.0,5660131.25
UC1D1vdq169T7w5iJ45zZL5Q,Technical Dost,CglEaYCedgY,2025-10-07,391818,229,26365,581,3,402173.0,0.0,389779.75
UCXUJJNoP1QupwsYIWFXmsZg,Tech Burner,WKsELvH_5hg,2025-10-07,1455187,106,53131,2609,1,1546535.0,0.0,1584558.25
UCNn6AaHharXIbkRleXGboiQ,Mumbiker Nikhil,pDMKu_t4nnk,2025-10-07,80053,241,6103,196,-1,84314.0,0.0,82899.5
UCj22tfcQrWG7EMEKS0qLeEg,CarryMinati,465iEeNOEBg,2025-10-07,29005560,205,2984323,89612,2,30719810.0,0.0,30305041.5
UCKO4P-n6MXW-TbGxOpYROSQ,MySmartPrice,snGfgZTtAs0,2025-10-07,1432,349,52,2,2,1523.0,0.0,1490.25
UCPxMZIFE856tbTfdkdjzTSQ,BeerBiceps,pVwT25cmce8,2025-10-07,111716,283,2624,8,2,118918.0,0.0,119363.0
UCqwUrj10mAEsqezcItqvwEw,BB Ki Vines,nLINrlaH-oc,2025-10-07,20423182,273,506138,17370,0,20587770.0,0.0,20355683.25
UClVIlK8QHZ2PFkXF97bA0lg,C4ETech English,uiBahVN9Tck,2025-10-07,17402,186,332,9,3,17192.0,0.0,18114.25
UCJMZv7U6JkcYayTbmJUSasg,Geeky Gadgets,Ia6-W9TkVT8,2025-10-07,342,399,0,0,1,367.0,0.0,358.5
UCj22tfcQrWG7EMEKS0qLeEg,CarryMinati,k4vkJ9PdXwI,2025-10-07,1523324,492,89569,2004,3,1475816.0,0.0,1500438.0
UCKO4P-n6MXW-TbGxOpYROSQ,MySmartPrice,zrkDkZ-khTA,2025-10-07,194,310,9,0,0,205.0,0.0,196.5
UC1D1vdq169T7w5iJ45zZL5Q,Technical Dost,CglEaYCedgY,2025-10-08,397071,487,25469,555,0,391818.0,0.0,391238.0
UCO2WJZKQoDW4Te6NHx4KfTg,Geekyranjit,67yvnvsw1a0,2025-10-08,34507,321,945,80,3,34802.0,0.0,38119.2
UC1D1vdq169T7w5iJ45zZL5Q,Technical Dost,hAKnInpfujU,2025-10-08,62464,325,4616,410,-1,63233.0,0.0,65983.8
UC1D1vdq169T7w5iJ45zZL5Q,Technical Dost,X5A0qu3oGS0,2025-10-08,298078,497,25757,2918,-1,306999.0,0.0,328307.2
UC7eHZXheF8nVOfwB2PEslMw,ashish chanchlani vines,tTnGNgGjPjI,2025-10-08,5237005,217,604905,30522,1,5246616.0,0.0,5442485.0
UC1D1vdq169T7w5iJ45zZL5Q,Technical Dost,IEpCPkgB-PE,2025-10-08,131450,232,10573,202,1,140095.0,0.0,150039.4
UCj22tfcQrWG7EMEKS0qLeEg,CarryMinati,QoqokgcX96M,2025-10-08,30254812,419,2814306,60705,2,33028417.0,0.0,32965985.0
UCPxMZIFE856tbTfdkdjzTSQ,BeerBiceps,QXdAdbipjzk,2025-10-08,368290,202,7964,63,0,399259.0,0.0,414451.2
UClVIlK8QHZ2PFkXF97bA0lg,C4ETech English,uiBahVN9Tck,2025-10-08,16531,292,336,10,2,17402.0,0.0,17797.6
UCj22tfcQrWG7EMEKS0qLeEg,CarryMinati,Zfc5rKZhyfw,2025-10-08,5265133,310,349089,4580,-1,5019652.0,0.0,5136912.6
UCEPL07qzVsOcHd3sMUws65g,Trakin Tech,rF39NUo9cm4,2025-10-08,246530,354,9189,345,2,270921.0,0.0,254302.6
UCEPL07qzVsOcHd3sMUws65g,Trakin Tech,CGbMs5F0u2M,2025-10-08,1565348,383,40653,2174,3,1633205.0,0.0,1574612.8
UCOhHO2ICt0ti9KAh-QHvttQ,Technical Guruji,CFGvmK-PvQY,2025-10-08,28699,389,1588,150,3,28751.0,0.0,29048.6
UCqwUrj10mAEsqezcItqvwEw,BB Ki Vines,-6fk3PXpznY,2025-10-08,30497706,422,3022146,68531,3,30804561.0,0.0,32810532.2
UCEPL07qzVsOcHd3sMUws65g,Trakin Tech,ugcY8u6Fiz4,2025-10-08,552216,201,15676,1174,0,591050.0,0.0,569586.2
UCEPL07qzVsOcHd3sMUws65g,Trakin Tech,fBtkxKt-FNE,2025-10-08,245799,385,12475,379,-1,237978.0,0.0,258264.4
UCqwUrj10mAEsqezcItqvwEw,BB Ki Vines,yYF6basS7mg,2025-10-08,6586076,428,543109,20789,0,6711630.0,0.0,7094180.8
UCKO4P-n6MXW-TbGxOpYROSQ,MySmartPrice,FtP4I3i7kfA,2025-10-08,117584,276,2372,7,-1,128448.0,0.0,123293.4
UCKO4P-n6MXW-TbGxOpYROSQ,MySmartPrice,o-O197YfNBA,2025-10-08,2367,302,30,0,0,2530.0,0.0,2551.4
UCqwUrj10mAEsqezcItqvwEw,BB Ki Vines,nLINrlaH-oc,2025-10-08,18736345,269,490298,17769,2,20423182.0,0.0,20031815.6
UCOhHO2ICt0ti9KAh-QHvttQ,Technical Guruji,N2P6W2YiVxE,2025-10-08,177875,154,6942,380,1,194901.0,0.0,185568.8
UCKO4P-n6MXW-TbGxOpYROSQ,MySmartPrice,snGfgZTtAs0,2025-10-08,1316,138,52,2,3,1432.0,0.0,1455.4
UCXUJJNoP1QupwsYIWFXmsZg,Tech Burner,WKsELvH_5hg,2025-10-08,1354528,163,50590,2456,3,1455187.0,0.0,1538552.2
UCOhHO2ICt0ti9KAh-QHvttQ,Technical Guruji,g99Ofaez3Q0,2025-10-08,102776,260,2773,172,0,105953.0,0.0,107454.6
UCqwUrj10mAEsqezcItqvwEw,BB Ki Vines,PJ3ZQk_lr9E,2025-10-08,29056956,125,1947636,42648,-1,29890554.0,0.0,28303405.4
UCXUJJNoP1QupwsYIWFXmsZg,Tech Burner,BBNjthn8O9Y,2025-10-08,2165929,110,38855,1567,2,2365756.0,0.0,2501162.4
UCXUJJNoP1QupwsYIWFXmsZg,Tech Burner,H_4j7eMVU5E,2025-10-08,196425,198,4779,252,3,194107.0,0.0,197898.2
UC7eHZXheF8nVOfwB2PEslMw,ashish chanchlani vines,Aiob2139mN4,2025-10-08,9929568,137,314682,2873,3,9717614.0,0.0,9996631.8
UCXUJJNoP1QupwsYIWFXmsZg,Tech Burner,vQapfLDo-lo,2025-10-08,2417080,383,147473,4638,1,2384612.0,0.0,2607938.6
UClVIlK8QHZ2PFkXF97bA0lg,C4ETech English,nNI5zIyETKc,2025-10-08,9764,378,232,6,0,10059.0,0.0,10493.2
UC7eHZXheF8nVOfwB2PEslMw,ashish chanchlani vines,b0-2pIiF25A,2025-10-08,1447703,333,92800,1959,3,1432060.0,0.0,1429546.2
UClVIlK8QHZ2PFkXF97bA0lg,C4ETech English,e11BgLBo8OE,2025-10-08,6974,119,199,7,-1,7098.0,0.0,7147.4
UClVIlK8QHZ2PFkXF97bA0lg,C4ETech English,F3PVLLREEEQ,2025-10-08,98315,283,1625,175,-1,95325.0,0.0,102508.6
UCKO4P-n6MXW-TbGxOpYROSQ,MySmartPrice,zrkDkZ-khTA,2025-10-08,195,434,10,1,0,194.0,0.0,196.2
UCNn6AaHharXIbkRleXGboiQ,Mumbiker Nikhil,CACrqNHZEZI,2025-10-08,108381,259,6153,160,-1,105301.0,0.0,104230.4
UC7eHZXheF8nVOfwB2PEslMw,ashish chanchlani vines,Wa1NnVN4g4o,2025-10-08,2467210,123,163170,2436,-1,2378241.0,0.0,2584742.6
UCBqFKDipsnzvJdt6UT0lMIg,Sandeep Maheshwari,95N4Ix8lOsc,2025-10-08,283734,271,11296,925,1,274154.0,0.0,269349.4
UCPxMZIFE856tbTfdkdjzTSQ,BeerBiceps,pVwT25cmce8,2025-10-08,117537,312,2429,8,0,111716.0,0.0,118997.8
UCOhHO2ICt0ti9KAh-QHvttQ,Technical Guruji,smgU6Y1j90M,2025-10-08,95871,118,3652,459,0,101018.0,0.0,102796.0
UCO2WJZKQoDW4Te6NHx4KfTg,Geekyranjit,a7rKF-_-txM,2025-10-08,75108,285,2833,198,-1,71856.0,0.0,77736.2
UCNn6AaHharXIbkRleXGboiQ,Mumbiker Nikhil,c7Kjor8G1Lc,2025-10-08,96176,409,8178,232,1,100601.0,0.0,102158.2
UCBqFKDipsnzvJdt6UT0lMIg,Sandeep Maheshwari,C2Mb-DI9EUU,2025-10-08,325457,297,14161,972,3,337188.0,0.0,343884.4
UCGdPm5Aq081vVD7ih9jZf6Q,FactTechz,vgrsdHzn9So,2025-10-08,3926440,446,220632,1766,2,4307548.0,0.0,4494789.2
UCJMZv7U6JkcYayTbmJUSasg,Geeky Gadgets,U5Veg7k2d3E,2025-10-08,257,326,2,0,1,280.0,0.0,295.2
UCJMZv7U6JkcYayTbmJUSasg,Geeky Gadgets,ZERAbq4j414,2025-10-08,170,446,0,0,3,165.0,0.0,177.6
UCBqFKDipsnzvJdt6UT0lMIg,Sandeep Maheshwari,Nh3Bg107fSc,2025-10-08,499331,349,13592,1845,1,540032.0,0.0,514624.2
UCGdPm5Aq081vVD7ih9jZf6Q,FactTechz,T5SZhb0VWpA,2025-10-08,6042250,470,298088,1859,2,5925137.0,0.0,5965662.2
UCO2WJZKQoDW4Te6NHx4KfTg,Geekyranjit,_u2FjcrTL_A,2025-10-08,36225,260,1168,100,1,36365.0,0.0,37544.2
UCBqFKDipsnzvJdt6UT0lMIg,Sandeep Maheshwari,e5ij3r_aco0,2025-10-08,250873,227,9666,726,2,259058.0,0.0,262785.8
UCO2WJZKQoDW4Te6NHx4KfTg,Geekyranjit,yrvdw6CBr9A,2025-10-08,181325,387,5612,403,0,186919.0,0.0,200360.2
UCj22tfcQrWG7EMEKS0qLeEg,CarryMinati,k4vkJ9PdXwI,2025-10-08,1576648,166,87464,1924,0,1523324.0,0.0,1515680.0
UCPxMZIFE856tbTfdkdjzTSQ,BeerBiceps,n8lILXS8XdE,2025-10-08,293934,431,9706,70,1,296684.0,0.0,316607.4
UCNn6AaHharXIbkRleXGboiQ,Mumbiker Nikhil,pDMKu_t4nnk,2025-10-08,74983,422,5842,201,1,80053.0,0.0,81316.2
UCGdPm5Aq081vVD7ih9jZf6Q,FactTechz,NIX71-DkbJw,2025-10-08,7595971,196,283393,1995,0,8217677.0,0.0,8091675.6
UCj22tfcQrWG7EMEKS0qLeEg,CarryMinati,465iEeNOEBg,2025-10-08,27816069,250,2804824,85723,3,29005560.0,0.0,29807247.0
UCNn6AaHharXIbkRleXGboiQ,Mumbiker Nikhil,fQ9xkWwihFo,2025-10-08,79895,273,4169,108,3,82948.0,0.0,83951.6
UCGdPm5Aq081vVD7ih9jZf6Q,FactTechz,8CdG1Ja-GWY,2025-10-08,5328582,429,227111,1388,3,5360179.0,0.0,5593821.4
UCJMZv7U6JkcYayTbmJUSasg,Geeky Gadgets,hqozboqpV8w,2025-10-08,12,487,0,0,0,12.0,0.0,11.0
UCJMZv7U6JkcYayTbmJUSasg,Geeky Gadgets,Ia6-W9TkVT8,2025-10-08,325,196,1,0,2,342.0,0.0,351.8
UCPxMZIFE856tbTfdkdjzTSQ,BeerBiceps,rpU7oTa711s,2025-10-08,4088,333,128,0,1,4488.0,0.0,4526.4
UCO2WJZKQoDW4Te6NHx4KfTg,Geekyranjit,yrvdw6CBr9A,2025-10-09,175983,256,5646,373,3,181325.0,0.0,196297.33333333334
UCJMZv7U6JkcYayTbmJUSasg,Geeky Gadgets,Ia6-W9TkVT8,2025-10-09,318,422,1,0,3,325.0,0.0,346.1666666666667
UCEPL07qzVsOcHd3sMUws65g,Trakin Tech,fBtkxKt-FNE,2025-10-09,239767,116,12308,387,-1,245799.0,0.0,255181.5
UCXUJJNoP1QupwsYIWFXmsZg,Tech Burner,H_4j7eMVU5E,2025-10-09,179294,201,4821,239,0,196425.0,0.0,194797.5
UCPxMZIFE856tbTfdkdjzTSQ,BeerBiceps,pVwT25cmce8,2025-10-09,108393,177,2281,9,1,117537.0,0.0,117230.33333333333
UCXUJJNoP1QupwsYIWFXmsZg,Tech Burner,vQapfLDo-lo,2025-10-09,2458943,121,138536,4637,2,2417080.0,0.0,2583106.0
UCKO4P-n6MXW-TbGxOpYROSQ,MySmartPrice,o-O197YfNBA,2025-10-09,2220,178,32,0,0,2367.0,0.0,2496.1666666666665
UCj22tfcQrWG7EMEKS0qLeEg,CarryMinati,Zfc5rKZhyfw,2025-10-09,4951650,243,319938,4395,2,5265133.0,0.0,5106035.5
UCBqFKDipsnzvJdt6UT0lMIg,Sandeep Maheshwari,Nh3Bg107fSc,2025-10-09,471565,356,12712,1723,3,499331.0,0.0,507447.6666666667
UC7eHZXheF8nVOfwB2PEslMw,ashish chanchlani vines,Aiob2139mN4,2025-10-09,9282912,265,291370,2696,0,9929568.0,0.0,9877678.5
UCqwUrj10mAEsqezcItqvwEw,BB Ki Vines,yYF6basS7mg,2025-10-09,6141828,498,527558,21371,0,6586076.0,0.0,6935455.333333333
UCKO4P-n6MXW-TbGxOpYROSQ,MySmartPrice,snGfgZTtAs0,2025-10-09,1300,131,52,2,-1,1316.0,0.0,1429.5
UCKO4P-n6MXW-TbGxOpYROSQ,MySmartPrice,FtP4I3i7kfA,2025-10-09,110865,425,2199,7,-1,117584.0,0.0,121222.0
UCJMZv7U6JkcYayTbmJUSasg,Geeky Gadgets,ZERAbq4j414,2025-10-09,157,334,0,0,3,170.0,0.0,174.16666666666666
UCJMZv7U6JkcYayTbmJUSasg,Geeky Gadgets,hqozboqpV8w,2025-10-09,11,394,0,0,1,12.0,0.0,11.0
UCKO4P-n6MXW-TbGxOpYROSQ,MySmartPrice,zrkDkZ-khTA,2025-10-09,184,281,11,1,2,195.0,0.0,194.16666666666666
UCNn6AaHharXIbkRleXGboiQ,Mumbiker Nikhil,CACrqNHZEZI,2025-10-09,106628,500,6287,160,2,108381.0,0.0,104630.0
UCGdPm5Aq081vVD7ih9jZf6Q,FactTechz,NIX71-DkbJw,2025-10-09,7878513,443,259683,2090,1,7595971.0,0.0,8056148.5
UCGdPm5Aq081vVD7ih9jZf6Q,FactTechz,8CdG1Ja-GWY,2025-10-09,5583016,326,209292,1313,-1,5328582.0,0.0,5592020.5
UCOhHO2ICt0ti9KAh-QHvttQ,Technical Guruji,g99Ofaez3Q0,2025-10-09,100208,335,2640,163,2,102776.0,0.0,106246.83333333333
UCj22tfcQrWG7EMEKS0qLeEg,CarryMinati,465iEeNOEBg,2025-10-09,29236159,407,2675312,82389,2,27816069.0,0.0,29712065.666666668
UClVIlK8QHZ2PFkXF97bA0lg,C4ETech English,nNI5zIyETKc,2025-10-09,9614,333,242,6,0,9764.0,0.0,10346.666666666666
UCXUJJNoP1QupwsYIWFXmsZg,Tech Burner,BBNjthn8O9Y,2025-10-09,2029974,435,38315,1544,0,2165929.0,0.0,2422631.0
UCqwUrj10mAEsqezcItqvwEw,BB Ki Vines,PJ3ZQk_lr9E,2025-10-09,29146985,407,1961344,42783,-1,29056956.0,0.0,28444002.0
UCXUJJNoP1QupwsYIWFXmsZg,Tech Burner,WKsELvH_5hg,2025-10-09,1403916,241,48250,2291,1,1354528.0,0.0,1516112.8333333333
UCJMZv7U6JkcYayTbmJUSasg,Geeky Gadgets,U5Veg7k2d3E,2025-10-09,271,170,2,0,0,257.0,0.0,291.1666666666667
UCPxMZIFE856tbTfdkdjzTSQ,BeerBiceps,rpU7oTa711s,2025-10-09,3826,317,120,0,-1,4088.0,0.0,4409.666666666667
UC7eHZXheF8nVOfwB2PEslMw,ashish chanchlani vines,b0-2pIiF25A,2025-10-09,1349293,448,89165,2001,3,1447703.0,0.0,1416170.6666666667
UCqwUrj10mAEsqezcItqvwEw,BB Ki Vines,nLINrlaH-oc,2025-10-09,18856074,285,452083,16410,2,18736345.0,0.0,19835858.666666668
UCGdPm5Aq081vVD7ih9jZf6Q,FactTechz,vgrsdHzn9So,2025-10-09,4031597,186,229096,1725,-1,3926440.0,0.0,4417590.5
UCOhHO2ICt0ti9KAh-QHvttQ,Technical Guruji,CFGvmK-PvQY,2025-10-09,26737,296,1531,138,0,28699.0,0.0,28663.333333333332
UCOhHO2ICt0ti9KAh-QHvttQ,Technical Guruji,smgU6Y1j90M,2025-10-09,98918,213,3543,442,3,95871.0,0.0,102149.66666666667
UCPxMZIFE856tbTfdkdjzTSQ,BeerBiceps,QXdAdbipjzk,2025-10-09,346791,175,7871,61,3,368290.0,0.0,403174.5
UC7eHZXheF8nVOfwB2PEslMw,ashish chanchlani vines,Wa1NnVN4g4o,2025-10-09,2308563,367,154217,2231,2,2467210.0,0.0,2538712.6666666665
UCEPL07qzVsOcHd3sMUws65g,Trakin Tech,rF39NUo9cm4,2025-10-09,251608,483,9338,346,-1,246530.0,0.0,253853.5
UCqwUrj10mAEsqezcItqvwEw,BB Ki Vines,-6fk3PXpznY,2025-10-09,29263581,361,2807173,66325,2,30497706.0,0.0,32219373.666666668
UC1D1vdq169T7w5iJ45zZL5Q,Technical Dost,X5A0qu3oGS0,2025-10-09,285635,304,24001,2665,2,298078.0,0.0,321195.1666666667
UCNn6AaHharXIbkRleXGboiQ,Mumbiker Nikhil,pDMKu_t4nnk,2025-10-09,78531,449,6087,202,1,74983.0,0.0,80852.0
UCBqFKDipsnzvJdt6UT0lMIg,Sandeep Maheshwari,95N4Ix8lOsc,2025-10-09,264896,155,10918,874,0,283734.0,0.0,268607.1666666667
UCO2WJZKQoDW4Te6NHx4KfTg,Geekyranjit,a7rKF-_-txM,2025-10-09,78962,136,2630,193,2,75108.0,0.0,77940.5
UCEPL07qzVsOcHd3sMUws65g,Trakin Tech,CGbMs5F0u2M,2025-10-09,1429908,187,40485,2275,1,1565348.0,0.0,1550495.3333333333
UC1D1vdq169T7w5iJ45zZL5Q,Technical Dost,IEpCPkgB-PE,2025-10-09,134509,299,10435,199,3,131450.0,0.0,147451.0
UCNn6AaHharXIbkRleXGboiQ,Mumbiker Nikhil,c7Kjor8G1Lc,2025-10-09,93393,467,7700,223,1,96176.0,0.0,100697.33333333333
UCj22tfcQrWG7EMEKS0qLeEg,CarryMinati,QoqokgcX96M,2025-10-09,30141385,346,2660168,61691,-1,30254812.0,0.0,32495218.333333332
UCBqFKDipsnzvJdt6UT0lMIg,Sandeep Maheshwari,C2Mb-DI9EUU,2025-10-09,297574,395,13580,923,0,325457.0,0.0,336166.0
UClVIlK8QHZ2PFkXF97bA0lg,C4ETech English,uiBahVN9Tck,2025-10-09,15177,189,330,10,2,16531.0,0.0,17360.833333333332
UCEPL07qzVsOcHd3sMUws65g,Trakin Tech,ugcY8u6Fiz4,2025-10-09,549893,473,14940,1102,1,552216.0,0.0,566304.0
UCPxMZIFE856tbTfdkdjzTSQ,BeerBiceps,n8lILXS8XdE,2025-10-09,290978,256,10151,71,0,293934.0,0.0,312335.8333333333
UCBqFKDipsnzvJdt6UT0lMIg,Sandeep Maheshwari,e5ij3r_aco0,2025-10-09,256920,156,9877,701,0,250873.0,0.0,261808.16666666666
UCO2WJZKQoDW4Te6NHx4KfTg,Geekyranjit,67yvnvsw1a0,2025-10-09,33515,145,925,73,1,34507.0,0.0,37351.833333333336
UClVIlK8QHZ2PFkXF97bA0lg,C4ETech English,e11BgLBo8OE,2025-10-09,6720,231,208,7,1,6974.0,0.0,7076.166666666667
UCj22tfcQrWG7EMEKS0qLeEg,CarryMinati,k4vkJ9PdXwI,2025-10-09,1543615,343,82957,1789,-1,1576648.0,0.0,1520335.8333333333
UC7eHZXheF8nVOfwB2PEslMw,ashish chanchlani vines,tTnGNgGjPjI,2025-10-09,5037670,225,604278,29513,2,5237005.0,0.0,5375015.833333333
UC1D1vdq169T7w5iJ45zZL5Q,Technical Dost,CglEaYCedgY,2025-10-09,384852,421,25994,523,1,397071.0,0.0,390173.6666666667
UClVIlK8QHZ2PFkXF97bA0lg,C4ETech English,F3PVLLREEEQ,2025-10-09,92420,117,1552,169,1,98315.0,0.0,100827.16666666667
UCGdPm5Aq081vVD7ih9jZf6Q,FactTechz,T5SZhb0VWpA,2025-10-09,6193592,398,292253,1772,2,6042250.0,0.0,6003650.5
UC1D1vdq169T7w5iJ45zZL5Q,Technical Dost,hAKnInpfujU,2025-10-09,62443,392,4501,388,2,62464.0,0.0,65393.666666666664
UCOhHO2ICt0ti9KAh-QHvttQ,Technical Guruji,N2P6W2YiVxE,2025-10-09,170292,226,7251,394,3,177875.0,0.0,183022.66666666666
UCNn6AaHharXIbkRleXGboiQ,Mumbiker Nikhil,fQ9xkWwihFo,2025-10-09,82008,177,4228,107,0,79895.0,0.0,83627.66666666667
UCO2WJZKQoDW4Te6NHx4KfTg,Geekyranjit,_u2FjcrTL_A,2025-10-09,35324,330,1208,96,0,36225.0,0.0,37174.166666666664
UCj22tfcQrWG7EMEKS0qLeEg,CarryMinati,Zfc5rKZhyfw,2025-10-10,4713092,382,325194,4567,-1,4951650.0,0.0,5049900.714285715
UCj22tfcQrWG7EMEKS0qLeEg,CarryMinati,k4vkJ9PdXwI,2025-10-10,1464704,428,79872,1682,2,1543615.0,0.0,1512388.4285714286
UCPxMZIFE856tbTfdkdjzTSQ,BeerBiceps,QXdAdbipjzk,2025-10-10,338580,498,7877,62,0,346791.0,0.0,393946.71428571426
UCEPL07qzVsOcHd3sMUws65g,Trakin Tech,rF39NUo9cm4,2025-10-10,237416,438,9168,356,0,251608.0,0.0,251505.2857142857
UCPxMZIFE856tbTfdkdjzTSQ,BeerBiceps,n8lILXS8XdE,2025-10-10,289265,450,9805,71,3,290978.0,0.0,309040.0
UCqwUrj10mAEsqezcItqvwEw,BB Ki Vines,-6fk3PXpznY,2025-10-10,26692852,130,2825730,67202,0,29263581.0,0.0,31429870.57142857
UCKO4P-n6MXW-TbGxOpYROSQ,MySmartPrice,FtP4I3i7kfA,2025-10-10,100817,467,2173,7,2,110865.0,0.0,118307.0
UCGdPm5Aq081vVD7ih9jZf6Q,FactTechz,vgrsdHzn9So,2025-10-10,3781767,468,214264,1805,0,4031597.0,0.0,4326758.571428572
UCEPL07qzVsOcHd3sMUws65g,Trakin Tech,CGbMs5F0u2M,2025-10-10,1325688,495,39011,2381,-1,1429908.0,0.0,1518380.0
UCGdPm5Aq081vVD7ih9jZf6Q,FactTechz,T5SZhb0VWpA,2025-10-10,6127676,296,286272,1648,-1,6193592.0,0.0,6021368.428571428
UCqwUrj10mAEsqezcItqvwEw,BB Ki Vines,yYF6basS7mg,2025-10-10,6382835,368,501907,19987,3,6141828.0,0.0,6856509.571428572
UCEPL07qzVsOcHd3sMUws65g,Trakin Tech,fBtkxKt-FNE,2025-10-10,240448,182,11234,371,1,239767.0,0.0,253076.7142857143
UCEPL07qzVsOcHd3sMUws65g,Trakin Tech,ugcY8u6Fiz4,2025-10-10,556914,308,14528,1123,0,549893.0,0.0,564962.5714285715
UCGdPm5Aq081vVD7ih9jZf6Q,FactTechz,NIX71-DkbJw,2025-10-10,7974409,486,247882,2190,2,7878513.0,0.0,8044471.428571428
UCKO4P-n6MXW-TbGxOpYROSQ,MySmartPrice,o-O197YfNBA,2025-10-10,2212,431,33,0,1,2220.0,0.0,2455.5714285714284
UCGdPm5Aq081vVD7ih9jZf6Q,FactTechz,8CdG1Ja-GWY,2025-10-10,5303071,344,204280,1333,0,5583016.0,0.0,5550742.0
UCNn6AaHharXIbkRleXGboiQ,Mumbiker Nikhil,CACrqNHZEZI,2025-10-10,104001,476,6153,157,-1,106628.0,0.0,104540.14285714286
UC7eHZXheF8nVOfwB2PEslMw,ashish chanchlani vines,Aiob2139mN4,2025-10-10,9150620,192,293877,2484,2,9282912.0,0.0,9773813.0
UCPxMZIFE856tbTfdkdjzTSQ,BeerBiceps,pVwT25cmce8,2025-10-10,105714,211,2309,10,0,108393.0,0.0,115585.14285714286
UCO2WJZKQoDW4Te6NHx4KfTg,Geekyranjit,_u2FjcrTL_A,2025-10-10,33166,119,1133,91,1,35324.0,0.0,36601.57142857143
UClVIlK8QHZ2PFkXF97bA0lg,C4ETech English,F3PVLLREEEQ,2025-10-10,92853,323,1465,178,1,92420.0,0.0,99688.0
UC7eHZXheF8nVOfwB2PEslMw,ashish chanchlani vines,tTnGNgGjPjI,2025-10-10,4589439,376,592294,28201,-1,5037670.0,0.0,5262790.571428572
UCBqFKDipsnzvJdt6UT0lMIg,Sandeep Maheshwari,C2Mb-DI9EUU,2025-10-10,300543,379,12664,872,1,297574.0,0.0,331077.0
UClVIlK8QHZ2PFkXF97bA0lg,C4ETech English,uiBahVN9Tck,2025-10-10,15214,179,322,10,1,15177.0,0.0,17054.14285714286
UCNn6AaHharXIbkRleXGboiQ,Mumbiker Nikhil,c7Kjor8G1Lc,2025-10-10,93620,194,7381,211,-1,93393.0,0.0,99686.28571428571
UC1D1vdq169T7w5iJ45zZL5Q,Technical Dost,IEpCPkgB-PE,2025-10-10,124043,428,10280,204,3,134509.0,0.0,144107.0
UCNn6AaHharXIbkRleXGboiQ,Mumbiker Nikhil,pDMKu_t4nnk,2025-10-10,79642,141,5587,206,1,78531.0,0.0,80679.14285714286
UC1D1vdq169T7w5iJ45zZL5Q,Technical Dost,X5A0qu3oGS0,2025-10-10,294739,384,21846,2442,-1,285635.0,0.0,317415.71428571426
UC7eHZXheF8nVOfwB2PEslMw,ashish chanchlani vines,Wa1NnVN4g4o,2025-10-10,2330862,439,144792,2174,-1,2308563.0,0.0,2509019.714285714
UCO2WJZKQoDW4Te6NHx4KfTg,Geekyranjit,a7rKF-_-txM,2025-10-10,76943,389,2633,178,3,78962.0,0.0,77798.0
UCj22tfcQrWG7EMEKS0qLeEg,CarryMinati,QoqokgcX96M,2025-10-10,31629502,440,2581522,60343,3,30141385.0,0.0,32371544.57142857
UC1D1vdq169T7w5iJ45zZL5Q,Technical Dost,CglEaYCedgY,2025-10-10,404167,241,24946,519,3,384852.0,0.0,392172.71428571426
UCNn6AaHharXIbkRleXGboiQ,Mumbiker Nikhil,fQ9xkWwihFo,2025-10-10,85635,210,4053,102,2,82008.0,0.0,83914.42857142857
UC1D1vdq169T7w5iJ45zZL5Q,Technical Dost,hAKnInpfujU,2025-10-10,59858,361,4543,398,2,62443.0,0.0,64602.857142857145
UCO2WJZKQoDW4Te6NHx4KfTg,Geekyranjit,67yvnvsw1a0,2025-10-10,33943,410,911,69,2,33515.0,0.0,36864.857142857145
UCOhHO2ICt0ti9KAh-QHvttQ,Technical Guruji,smgU6Y1j90M,2025-10-10,94113,376,3314,447,3,98918.0,0.0,101001.57142857143
UCOhHO2ICt0ti9KAh-QHvttQ,Technical Guruji,N2P6W2YiVxE,2025-10-10,165324,154,7210,362,1,170292.0,0.0,180494.2857142857
UClVIlK8QHZ2PFkXF97bA0lg,C4ETech English,e11BgLBo8OE,2025-10-10,6220,167,219,8,2,6720.0,0.0,6953.857142857143
UCBqFKDipsnzvJdt6UT0lMIg,Sandeep Maheshwari,e5ij3r_aco0,2025-10-10,265428,204,9875,666,0,256920.0,0.0,262325.28571428574
UClVIlK8QHZ2PFkXF97bA0lg,C4ETech English,nNI5zIyETKc,2025-10-10,9797,229,240,6,2,9614.0,0.0,10268.142857142857
UCJMZv7U6JkcYayTbmJUSasg,Geeky Gadgets,Ia6-W9TkVT8,2025-10-10,317,341,1,0,3,318.0,0.0,342.0
UCKO4P-n6MXW-TbGxOpYROSQ,MySmartPrice,snGfgZTtAs0,2025-10-10,1202,146,55,2,3,1300.0,0.0,1397.0
UCOhHO2ICt0ti9KAh-QHvttQ,Technical Guruji,g99Ofaez3Q0,2025-10-10,99951,336,2519,149,-1,100208.0,0.0,105347.42857142857
UCJMZv7U6JkcYayTbmJUSasg,Geeky Gadgets,hqozboqpV8w,2025-10-10,11,457,0,0,-1,11.0,0.0,11.0
UCKO4P-n6MXW-TbGxOpYROSQ,MySmartPrice,zrkDkZ-khTA,2025-10-10,184,234,11,1,-1,184.0,0.0,192.71428571428572
UCqwUrj10mAEsqezcItqvwEw,BB Ki Vines,PJ3ZQk_lr9E,2025-10-10,29035444,131,1947501,40950,2,29146985.0,0.0,28528493.714285713
UCXUJJNoP1QupwsYIWFXmsZg,Tech Burner,WKsELvH_5hg,2025-10-10,1462442,372,48423,2209,0,1403916.0,0.0,1508445.5714285714
UCJMZv7U6JkcYayTbmJUSasg,Geeky Gadgets,U5Veg7k2d3E,2025-10-10,266,467,2,0,1,271.0,0.0,287.57142857142856
UCqwUrj10mAEsqezcItqvwEw,BB Ki Vines,nLINrlaH-oc,2025-10-10,17498109,234,414856,15900,-1,18856074.0,0.0,19501894.42857143
UCPxMZIFE856tbTfdkdjzTSQ,BeerBiceps,rpU7oTa711s,2025-10-10,3523,142,110,0,3,3826.0,0.0,4283.0
UCJMZv7U6JkcYayTbmJUSasg,Geeky Gadgets,ZERAbq4j414,2025-10-10,162,200,1,0,1,157.0,0.0,172.42857142857142
UCXUJJNoP1QupwsYIWFXmsZg,Tech Burner,H_4j7eMVU5E,2025-10-10,163608,309,4931,224,2,179294.0,0.0,190341.85714285713
UCj22tfcQrWG7EMEKS0qLeEg,CarryMinati,465iEeNOEBg,2025-10-10,30305866,433,2748251,76435,2,29236159.0,0.0,29796894.285714287
UCBqFKDipsnzvJdt6UT0lMIg,Sandeep Maheshwari,Nh3Bg107fSc,2025-10-10,437488,294,12374,1636,3,471565.0,0.0,497453.4285714286
UCXUJJNoP1QupwsYIWFXmsZg,Tech Burner,vQapfLDo-lo,2025-10-10,2390057,207,137719,4654,0,2458943.0,0.0,2555527.5714285714
UC7eHZXheF8nVOfwB2PEslMw,ashish chanchlani vines,b0-2pIiF25A,2025-10-10,1372541,138,88147,1895,0,1349293.0,0.0,1409937.857142857
UCO2WJZKQoDW4Te6NHx4KfTg,Geekyranjit,yrvdw6CBr9A,2025-10-10,181605,422,5551,389,3,175983.0,0.0,194198.42857142858
UCBqFKDipsnzvJdt6UT0lMIg,Sandeep Maheshwari,95N4Ix8lOsc,2025-10-10,269099,220,11177,901,-1,264896.0,0.0,268677.4285714286
UCXUJJNoP1QupwsYIWFXmsZg,Tech Burner,BBNjthn8O9Y,2025-10-10,1868815,160,35636,1597,-1,2029974.0,0.0,2343514.4285714286
UCOhHO2ICt0ti9KAh-QHvttQ,Technical Guruji,CFGvmK-PvQY,2025-10-10,25598,334,1611,137,0,26737.0,0.0,28225.428571428572
