channel_id,channel_name,video_id,date,views,watch_time,likes,comments,subs
UCOhHO2ICt0ti9KAh-QHvttQ,Technical Guruji,CFGvmK-PvQY,2025-10-10,25598,334,1611,137,0
UCOhHO2ICt0ti9KAh-QHvttQ,Technical Guruji,CFGvmK-PvQY,2025-10-09,26737,296,1531,138,0
UCOhHO2ICt0ti9KAh-QHvttQ,Technical Guruji,CFGvmK-PvQY,2025-10-08,28699,389,1588,150,3
UCOhHO2ICt0ti9KAh-QHvttQ,Technical Guruji,CFGvmK-PvQY,2025-10-07,28751,240,1595,154,3
UCOhHO2ICt0ti9KAh-QHvttQ,Technical Guruji,CFGvmK-PvQY,2025-10-06,27336,307,1572,153,2
UCOhHO2ICt0ti9KAh-QHvttQ,Technical Guruji,CFGvmK-PvQY,2025-10-05,28922,355,1547,148,1
UCOhHO2ICt0ti9KAh-QHvttQ,Technical Guruji,CFGvmK-PvQY,2025-10-04,31535,166,1610,160,1
UCOhHO2ICt0ti9KAh-QHvttQ,Technical Guruji,g99Ofaez3Q0,2025-10-10,99951,336,2519,149,-1
UCOhHO2ICt0ti9KAh-QHvttQ,Technical Guruji,g99Ofaez3Q0,2025-10-09,100208,335,2640,163,2
UCOhHO2ICt0ti9KAh-QHvttQ,Technical Guruji,g99Ofaez3Q0,2025-10-08,102776,260,2773,172,0
UCOhHO2ICt0ti9KAh-QHvttQ,Technical Guruji,g99Ofaez3Q0,2025-10-07,105953,372,2818,174,1
UCOhHO2ICt0ti9KAh-QHvttQ,Technical Guruji,g99Ofaez3Q0,2025-10-06,103728,357,2995,169,2
UCOhHO2ICt0ti9KAh-QHvttQ,Technical Guruji,g99Ofaez3Q0,2025-10-05,113767,332,3228,173,1
UCOhHO2ICt0ti9KAh-QHvttQ,Technical Guruji,g99Ofaez3Q0,2025-10-04,111049,338,3447,182,-1
UCOhHO2ICt0ti9KAh-QHvttQ,Technical Guruji,N2P6W2YiVxE,2025-10-10,165324,154,7210,362,1
UCOhHO2ICt0ti9KAh-QHvttQ,Technical Guruji,N2P6W2YiVxE,2025-10-09,170292,226,7251,394,3
UCOhHO2ICt0ti9KAh-QHvttQ,Technical Guruji,N2P6W2YiVxE,2025-10-08,177875,154,6942,380,1
UCOhHO2ICt0ti9KAh-QHvttQ,Technical Guruji,N2P6W2YiVxE,2025-10-07,194901,327,7185,387,1
UCOhHO2ICt0ti9KAh-QHvttQ,Technical Guruji,N2P6W2YiVxE,2025-10-06,190485,497,7845,395,2
UCOhHO2ICt0ti9KAh-QHvttQ,Technical Guruji,N2P6W2YiVxE,2025-10-05,183327,211,8379,413,0
UCOhHO2ICt0ti9KAh-QHvttQ,Technical Guruji,N2P6W2YiVxE,2025-10-04,181256,122,8274,433,-1
UCOhHO2ICt0ti9KAh-QHvttQ,Technical Guruji,smgU6Y1j90M,2025-10-10,94113,376,3314,447,3
UCOhHO2ICt0ti9KAh-QHvttQ,Technical Guruji,smgU6Y1j90M,2025-10-09,98918,213,3543,442,3
UCOhHO2ICt0ti9KAh-QHvttQ,Technical Guruji,smgU6Y1j90M,2025-10-08,95871,118,3652,459,0
UCOhHO2ICt0ti9KAh-QHvttQ,Technical Guruji,smgU6Y1j90M,2025-10-07,101018,224,3868,500,3
UCOhHO2ICt0ti9KAh-QHvttQ,Technical Guruji,smgU6Y1j90M,2025-10-06,100812,450,3697,514,2
UCOhHO2ICt0ti9KAh-QHvttQ,Technical Guruji,smgU6Y1j90M,2025-10-05,107782,494,3518,505,-1
UCOhHO2ICt0ti9KAh-QHvttQ,Technical Guruji,smgU6Y1j90M,2025-10-04,108497,232,3553,527,2
UCj22tfcQrWG7EMEKS0qLeEg,CarryMinati,465iEeNOEBg,2025-10-10,30305866,433,2748251,76435,2
UCj22tfcQrWG7EMEKS0qLeEg,CarryMinati,465iEeNOEBg,2025-10-09,29236159,407,2675312,82389,2
UCj22tfcQrWG7EMEKS0qLeEg,CarryMinati,465iEeNOEBg,2025-10-08,27816069,250,2804824,85723,3
UCj22tfcQrWG7EMEKS0qLeEg,CarryMinati,465iEeNOEBg,2025-10-07,29005560,205,2984323,89612,2
UCj22tfcQrWG7EMEKS0qLeEg,CarryMinati,465iEeNOEBg,2025-10-06,30719810,200,3144112,93600,2
UCj22tfcQrWG7EMEKS0qLeEg,CarryMinati,465iEeNOEBg,2025-10-05,31533199,348,3045155,90944,0
UCj22tfcQrWG7EMEKS0qLeEg,CarryMinati,465iEeNOEBg,2025-10-04,29961597,290,3199320,95878,-1
UCj22tfcQrWG7EMEKS0qLeEg,CarryMinati,k4vkJ9PdXwI,2025-10-10,1464704,428,79872,1682,2
UCj22tfcQrWG7EMEKS0qLeEg,CarryMinati,k4vkJ9PdXwI,2025-10-09,1543615,343,82957,1789,-1
UCj22tfcQrWG7EMEKS0qLeEg,CarryMinati,k4vkJ9PdXwI,2025-10-08,1576648,166,87464,1924,0
UCj22tfcQrWG7EMEKS0qLeEg,CarryMinati,k4vkJ9PdXwI,2025-10-07,1523324,492,89569,2004,3
UCj22tfcQrWG7EMEKS0qLeEg,CarryMinati,k4vkJ9PdXwI,2025-10-06,1475816,111,97295,2027,3
UCj22tfcQrWG7EMEKS0qLeEg,CarryMinati,k4vkJ9PdXwI,2025-10-05,1484452,468,99924,2071,-1
UCj22tfcQrWG7EMEKS0qLeEg,CarryMinati,k4vkJ9PdXwI,2025-10-04,1518160,144,96091,2095,1
UCj22tfcQrWG7EMEKS0qLeEg,CarryMinati,QoqokgcX96M,2025-10-10,31629502,440,2581522,60343,3
UCj22tfcQrWG7EMEKS0qLeEg,CarryMinati,QoqokgcX96M,2025-10-09,30141385,346,2660168,61691,-1
UCj22tfcQrWG7EMEKS0qLeEg,CarryMinati,QoqokgcX96M,2025-10-08,30254812,419,2814306,60705,2
UCj22tfcQrWG7EMEKS0qLeEg,CarryMinati,QoqokgcX96M,2025-10-07,33028417,374,2842504,65069,1
UCj22tfcQrWG7EMEKS0qLeEg,CarryMinati,QoqokgcX96M,2025-10-06,31449508,300,2738413,66065,-1
UCj22tfcQrWG7EMEKS0qLeEg,CarryMinati,QoqokgcX96M,2025-10-05,33915095,319,2743640,68957,-1
UCj22tfcQrWG7EMEKS0qLeEg,CarryMinati,QoqokgcX96M,2025-10-04,36182093,294,2730273,66714,-1
UCj22tfcQrWG7EMEKS0qLeEg,CarryMinati,Zfc5rKZhyfw,2025-10-10,4713092,382,325194,4567,-1
UCj22tfcQrWG7EMEKS0qLeEg,CarryMinati,Zfc5rKZhyfw,2025-10-09,4951650,243,319938,4395,2
UCj22tfcQrWG7EMEKS0qLeEg,CarryMinati,Zfc5rKZhyfw,2025-10-08,5265133,310,349089,4580,-1
UCj22tfcQrWG7EMEKS0qLeEg,CarryMinati,Zfc5rKZhyfw,2025-10-07,5019652,165,344694,4611,1
UCj22tfcQrWG7EMEKS0qLeEg,CarryMinati,Zfc5rKZhyfw,2025-10-06,4943751,466,353640,4625,2
UCj22tfcQrWG7EMEKS0qLeEg,CarryMinati,Zfc5rKZhyfw,2025-10-05,5069735,376,358691,4824,0
UCj22tfcQrWG7EMEKS0qLeEg,CarryMinati,Zfc5rKZhyfw,2025-10-04,5386292,203,340840,4689,-1
UCqwUrj10mAEsqezcItqvwEw,BB Ki Vines,-6fk3PXpznY,2025-10-10,26692852,130,2825730,67202,0
UCqwUrj10mAEsqezcItqvwEw,BB Ki Vines,-6fk3PXpznY,2025-10-09,29263581,361,2807173,66325,2
UCqwUrj10mAEsqezcItqvwEw,BB Ki Vines,-6fk3PXpznY,2025-10-08,30497706,422,3022146,68531,3
UCqwUrj10mAEsqezcItqvwEw,BB Ki Vines,-6fk3PXpznY,2025-10-07,30804561,189,3313083,66150,-1
UCqwUrj10mAEsqezcItqvwEw,BB Ki Vines,-6fk3PXpznY,2025-10-06,32519262,317,3234536,64501,2
UCqwUrj10mAEsqezcItqvwEw,BB Ki Vines,-6fk3PXpznY,2025-10-05,34903761,279,3136314,66059,1
UCqwUrj10mAEsqezcItqvwEw,BB Ki Vines,-6fk3PXpznY,2025-10-04,35327371,243,3076240,69658,3
UCqwUrj10mAEsqezcItqvwEw,BB Ki Vines,yYF6basS7mg,2025-10-10,6382835,368,501907,19987,3
UCqwUrj10mAEsqezcItqvwEw,BB Ki Vines,yYF6basS7mg,2025-10-09,6141828,498,527558,21371,0
UCqwUrj10mAEsqezcItqvwEw,BB Ki Vines,yYF6basS7mg,2025-10-08,6586076,428,543109,20789,0
UCqwUrj10mAEsqezcItqvwEw,BB Ki Vines,yYF6basS7mg,2025-10-07,6711630,276,548493,20916,2
UCqwUrj10mAEsqezcItqvwEw,BB Ki Vines,yYF6basS7mg,2025-10-06,6937049,329,575235,22936,3
UCqwUrj10mAEsqezcItqvwEw,BB Ki Vines,yYF6basS7mg,2025-10-05,7461188,432,591674,24466,2
UCqwUrj10mAEsqezcItqvwEw,BB Ki Vines,yYF6basS7mg,2025-10-04,7774961,246,644227,24435,0
UCqwUrj10mAEsqezcItqvwEw,BB Ki Vines,nLINrlaH-oc,2025-10-10,17498109,234,414856,15900,-1
UCqwUrj10mAEsqezcItqvwEw,BB Ki Vines,nLINrlaH-oc,2025-10-09,18856074,285,452083,16410,2
UCqwUrj10mAEsqezcItqvwEw,BB Ki Vines,nLINrlaH-oc,2025-10-08,18736345,269,490298,17769,2
UCqwUrj10mAEsqezcItqvwEw,BB Ki Vines,nLINrlaH-oc,2025-10-07,20423182,273,506138,17370,0
UCqwUrj10mAEsqezcItqvwEw,BB Ki Vines,nLINrlaH-oc,2025-10-06,20587770,361,505733,17061,3
UCqwUrj10mAEsqezcItqvwEw,BB Ki Vines,nLINrlaH-oc,2025-10-05,19858012,271,523649,16246,1
UCqwUrj10mAEsqezcItqvwEw,BB Ki Vines,nLINrlaH-oc,2025-10-04,20553769,278,544671,16199,2
UCqwUrj10mAEsqezcItqvwEw,BB Ki Vines,PJ3ZQk_lr9E,2025-10-10,29035444,131,1947501,40950,2
UCqwUrj10mAEsqezcItqvwEw,BB Ki Vines,PJ3ZQk_lr9E,2025-10-09,29146985,407,1961344,42783,-1
UCqwUrj10mAEsqezcItqvwEw,BB Ki Vines,PJ3ZQk_lr9E,2025-10-08,29056956,125,1947636,42648,-1
UCqwUrj10mAEsqezcItqvwEw,BB Ki Vines,PJ3ZQk_lr9E,2025-10-07,29890554,295,2006119,40702,-1
UCqwUrj10mAEsqezcItqvwEw,BB Ki Vines,PJ3ZQk_lr9E,2025-10-06,28475775,293,2019151,40879,1
UCqwUrj10mAEsqezcItqvwEw,BB Ki Vines,PJ3ZQk_lr9E,2025-10-05,27326242,128,2115284,39258,-1
UCqwUrj10mAEsqezcItqvwEw,BB Ki Vines,PJ3ZQk_lr9E,2025-10-04,26767500,497,2043430,41403,3
UC7eHZXheF8nVOfwB2PEslMw,ashish chanchlani vines,Aiob2139mN4,2025-10-10,9150620,192,293877,2484,2
UC7eHZXheF8nVOfwB2PEslMw,ashish chanchlani vines,Aiob2139mN4,2025-10-09,9282912,265,291370,2696,0
UC7eHZXheF8nVOfwB2PEslMw,ashish chanchlani vines,Aiob2139mN4,2025-10-08,9929568,137,314682,2873,3
UC7eHZXheF8nVOfwB2PEslMw,ashish chanchlani vines,Aiob2139mN4,2025-10-07,9717614,245,312658,2817,1
UC7eHZXheF8nVOfwB2PEslMw,ashish chanchlani vines,Aiob2139mN4,2025-10-06,9554735,114,341748,3096,-1
UC7eHZXheF8nVOfwB2PEslMw,ashish chanchlani vines,Aiob2139mN4,2025-10-05,10380214,356,374837,3238,-1
UC7eHZXheF8nVOfwB2PEslMw,ashish chanchlani vines,Aiob2139mN4,2025-10-04,10401028,128,410578,3327,-1
UC7eHZXheF8nVOfwB2PEslMw,ashish chanchlani vines,b0-2pIiF25A,2025-10-10,1372541,138,88147,1895,0
UC7eHZXheF8nVOfwB2PEslMw,ashish chanchlani vines,b0-2pIiF25A,2025-10-09,1349293,448,89165,2001,3
UC7eHZXheF8nVOfwB2PEslMw,ashish chanchlani vines,b0-2pIiF25A,2025-10-08,1447703,333,92800,1959,3
UC7eHZXheF8nVOfwB2PEslMw,ashish chanchlani vines,b0-2pIiF25A,2025-10-07,1432060,342,101712,2079,2
UC7eHZXheF8nVOfwB2PEslMw,ashish chanchlani vines,b0-2pIiF25A,2025-10-06,1395485,262,110503,2003,2
UC7eHZXheF8nVOfwB2PEslMw,ashish chanchlani vines,b0-2pIiF25A,2025-10-05,1440313,428,106252,2175,3
UC7eHZXheF8nVOfwB2PEslMw,ashish chanchlani vines,b0-2pIiF25A,2025-10-04,1432170,165,111645,2148,0
UC7eHZXheF8nVOfwB2PEslMw,ashish chanchlani vines,tTnGNgGjPjI,2025-10-10,4589439,376,592294,28201,-1
UC7eHZXheF8nVOfwB2PEslMw,ashish chanchlani vines,tTnGNgGjPjI,2025-10-09,5037670,225,604278,29513,2
UC7eHZXheF8nVOfwB2PEslMw,ashish chanchlani vines,tTnGNgGjPjI,2025-10-08,5237005,217,604905,30522,1
UC7eHZXheF8nVOfwB2PEslMw,ashish chanchlani vines,tTnGNgGjPjI,2025-10-07,5246616,143,576114,30938,0
UC7eHZXheF8nVOfwB2PEslMw,ashish chanchlani vines,tTnGNgGjPjI,2025-10-06,5307689,281,614759,33243,2
UC7eHZXheF8nVOfwB2PEslMw,ashish chanchlani vines,tTnGNgGjPjI,2025-10-05,5486552,486,631026,36126,1
UC7eHZXheF8nVOfwB2PEslMw,ashish chanchlani vines,tTnGNgGjPjI,2025-10-04,5934563,100,614522,34467,0
UC7eHZXheF8nVOfwB2PEslMw,ashish chanchlani vines,Wa1NnVN4g4o,2025-10-10,2330862,439,144792,2174,-1
UC7eHZXheF8nVOfwB2PEslMw,ashish chanchlani vines,Wa1NnVN4g4o,2025-10-09,2308563,367,154217,2231,2
UC7eHZXheF8nVOfwB2PEslMw,ashish chanchlani vines,Wa1NnVN4g4o,2025-10-08,2467210,123,163170,2436,-1
UC7eHZXheF8nVOfwB2PEslMw,ashish chanchlani vines,Wa1NnVN4g4o,2025-10-07,2378241,264,161418,2647,-1
UC7eHZXheF8nVOfwB2PEslMw,ashish chanchlani vines,Wa1NnVN4g4o,2025-10-06,2508303,146,157717,2763,0
UC7eHZXheF8nVOfwB2PEslMw,ashish chanchlani vines,Wa1NnVN4g4o,2025-10-05,2729879,442,161846,2783,-1
UC7eHZXheF8nVOfwB2PEslMw,ashish chanchlani vines,Wa1NnVN4g4o,2025-10-04,2840080,166,171749,2768,3
UCO2WJZKQoDW4Te6NHx4KfTg,Geekyranjit,67yvnvsw1a0,2025-10-10,33943,410,911,69,2
UCO2WJZKQoDW4Te6NHx4KfTg,Geekyranjit,67yvnvsw1a0,2025-10-09,33515,145,925,73,1
UCO2WJZKQoDW4Te6NHx4KfTg,Geekyranjit,67yvnvsw1a0,2025-10-08,34507,321,945,80,3
UCO2WJZKQoDW4Te6NHx4KfTg,Geekyranjit,67yvnvsw1a0,2025-10-07,34802,235,922,81,-1
UCO2WJZKQoDW4Te6NHx4KfTg,Geekyranjit,67yvnvsw1a0,2025-10-06,37968,234,971,82,0
UCO2WJZKQoDW4Te6NHx4KfTg,Geekyranjit,67yvnvsw1a0,2025-10-05,41529,500,1046,89,0
UCO2WJZKQoDW4Te6NHx4KfTg,Geekyranjit,67yvnvsw1a0,2025-10-04,41790,468,1019,95,1
UCO2WJZKQoDW4Te6NHx4KfTg,Geekyranjit,a7rKF-_-txM,2025-10-10,76943,389,2633,178,3
UCO2WJZKQoDW4Te6NHx4KfTg,Geekyranjit,a7rKF-_-txM,2025-10-09,78962,136,2630,193,2
UCO2WJZKQoDW4Te6NHx4KfTg,Geekyranjit,a7rKF-_-txM,2025-10-08,75108,285,2833,198,-1
UCO2WJZKQoDW4Te6NHx4KfTg,Geekyranjit,a7rKF-_-txM,2025-10-07,71856,330,2708,209,3
UCO2WJZKQoDW4Te6NHx4KfTg,Geekyranjit,a7rKF-_-txM,2025-10-06,74793,262,2865,225,2
UCO2WJZKQoDW4Te6NHx4KfTg,Geekyranjit,a7rKF-_-txM,2025-10-05,82189,195,2829,216,-1
UCO2WJZKQoDW4Te6NHx4KfTg,Geekyranjit,a7rKF-_-txM,2025-10-04,84735,334,2844,235,2
UCO2WJZKQoDW4Te6NHx4KfTg,Geekyranjit,_u2FjcrTL_A,2025-10-10,33166,119,1133,91,1
UCO2WJZKQoDW4Te6NHx4KfTg,Geekyranjit,_u2FjcrTL_A,2025-10-09,35324,330,1208,96,0
UCO2WJZKQoDW4Te6NHx4KfTg,Geekyranjit,_u2FjcrTL_A,2025-10-08,36225,260,1168,100,1
UCO2WJZKQoDW4Te6NHx4KfTg,Geekyranjit,_u2FjcrTL_A,2025-10-07,36365,167,1151,96,2
UCO2WJZKQoDW4Te6NHx4KfTg,Geekyranjit,_u2FjcrTL_A,2025-10-06,36698,255,1221,93,-1
UCO2WJZKQoDW4Te6NHx4KfTg,Geekyranjit,_u2FjcrTL_A,2025-10-05,38756,253,1219,89,3
UCO2WJZKQoDW4Te6NHx4KfTg,Geekyranjit,_u2FjcrTL_A,2025-10-04,39677,275,1165,87,0
UCO2WJZKQoDW4Te6NHx4KfTg,Geekyranjit,yrvdw6CBr9A,2025-10-10,181605,422,5551,389,3
UCO2WJZKQoDW4Te6NHx4KfTg,Geekyranjit,yrvdw6CBr9A,2025-10-09,175983,256,5646,373,3
UCO2WJZKQoDW4Te6NHx4KfTg,Geekyranjit,yrvdw6CBr9A,2025-10-08,181325,387,5612,403,0
UCO2WJZKQoDW4Te6NHx4KfTg,Geekyranjit,yrvdw6CBr9A,2025-10-07,186919,330,5384,397,3
UCO2WJZKQoDW4Te6NHx4KfTg,Geekyranjit,yrvdw6CBr9A,2025-10-06,200938,369,5532,389,0
UCO2WJZKQoDW4Te6NHx4KfTg,Geekyranjit,yrvdw6CBr9A,2025-10-05,215131,419,5503,411,0
UCO2WJZKQoDW4Te6NHx4KfTg,Geekyranjit,yrvdw6CBr9A,2025-10-04,217488,335,5949,411,3
UCPxMZIFE856tbTfdkdjzTSQ,BeerBiceps,rpU7oTa711s,2025-10-10,3523,142,110,0,3
UCPxMZIFE856tbTfdkdjzTSQ,BeerBiceps,rpU7oTa711s,2025-10-09,3826,317,120,0,-1
UCPxMZIFE856tbTfdkdjzTSQ,BeerBiceps,rpU7oTa711s,2025-10-08,4088,333,128,0,1
UCPxMZIFE856tbTfdkdjzTSQ,BeerBiceps,rpU7oTa711s,2025-10-07,4488,212,128,0,1
UCPxMZIFE856tbTfdkdjzTSQ,BeerBiceps,rpU7oTa711s,2025-10-06,4756,169,136,0,-1
UCPxMZIFE856tbTfdkdjzTSQ,BeerBiceps,rpU7oTa711s,2025-10-05,4727,245,143,0,1
UCPxMZIFE856tbTfdkdjzTSQ,BeerBiceps,rpU7oTa711s,2025-10-04,4573,184,155,0,-1
UCPxMZIFE856tbTfdkdjzTSQ,BeerBiceps,pVwT25cmce8,2025-10-10,105714,211,2309,10,0
UCPxMZIFE856tbTfdkdjzTSQ,BeerBiceps,pVwT25cmce8,2025-10-09,108393,177,2281,9,1
UCPxMZIFE856tbTfdkdjzTSQ,BeerBiceps,pVwT25cmce8,2025-10-08,117537,312,2429,8,0
UCPxMZIFE856tbTfdkdjzTSQ,BeerBiceps,pVwT25cmce8,2025-10-07,111716,283,2624,8,2
UCPxMZIFE856tbTfdkdjzTSQ,BeerBiceps,pVwT25cmce8,2025-10-06,118918,279,2503,7,2
UCPxMZIFE856tbTfdkdjzTSQ,BeerBiceps,pVwT25cmce8,2025-10-05,118965,285,2384,7,1
UCPxMZIFE856tbTfdkdjzTSQ,BeerBiceps,pVwT25cmce8,2025-10-04,127853,157,2408,6,0
UCPxMZIFE856tbTfdkdjzTSQ,BeerBiceps,n8lILXS8XdE,2025-10-10,289265,450,9805,71,3
UCPxMZIFE856tbTfdkdjzTSQ,BeerBiceps,n8lILXS8XdE,2025-10-09,290978,256,10151,71,0
UCPxMZIFE856tbTfdkdjzTSQ,BeerBiceps,n8lILXS8XdE,2025-10-08,293934,431,9706,70,1
UCPxMZIFE856tbTfdkdjzTSQ,BeerBiceps,n8lILXS8XdE,2025-10-07,296684,370,9450,75,0
UCPxMZIFE856tbTfdkdjzTSQ,BeerBiceps,n8lILXS8XdE,2025-10-06,323681,428,9521,76,3
UCPxMZIFE856tbTfdkdjzTSQ,BeerBiceps,n8lILXS8XdE,2025-10-05,326503,270,9402,83,3
UCPxMZIFE856tbTfdkdjzTSQ,BeerBiceps,n8lILXS8XdE,2025-10-04,342235,283,9287,86,3
UCPxMZIFE856tbTfdkdjzTSQ,BeerBiceps,QXdAdbipjzk,2025-10-10,338580,498,7877,62,0
UCPxMZIFE856tbTfdkdjzTSQ,BeerBiceps,QXdAdbipjzk,2025-10-09,346791,175,7871,61,3
UCPxMZIFE856tbTfdkdjzTSQ,BeerBiceps,QXdAdbipjzk,2025-10-08,368290,202,7964,63,0
UCPxMZIFE856tbTfdkdjzTSQ,BeerBiceps,QXdAdbipjzk,2025-10-07,399259,322,7823,68,-1
UCPxMZIFE856tbTfdkdjzTSQ,BeerBiceps,QXdAdbipjzk,2025-10-06,436135,270,8228,69,1
UCPxMZIFE856tbTfdkdjzTSQ,BeerBiceps,QXdAdbipjzk,2025-10-05,435917,382,8596,75,0
UCPxMZIFE856tbTfdkdjzTSQ,BeerBiceps,QXdAdbipjzk,2025-10-04,432655,487,8551,74,1
UCGdPm5Aq081vVD7ih9jZf6Q,FactTechz,vgrsdHzn9So,2025-10-10,3781767,468,214264,1805,0
UCGdPm5Aq081vVD7ih9jZf6Q,FactTechz,vgrsdHzn9So,2025-10-09,4031597,186,229096,1725,-1
UCGdPm5Aq081vVD7ih9jZf6Q,FactTechz,vgrsdHzn9So,2025-10-08,3926440,446,220632,1766,2
UCGdPm5Aq081vVD7ih9jZf6Q,FactTechz,vgrsdHzn9So,2025-10-07,4307548,247,225709,1774,3
UCGdPm5Aq081vVD7ih9jZf6Q,FactTechz,vgrsdHzn9So,2025-10-06,4432003,222,242826,1923,2
UCGdPm5Aq081vVD7ih9jZf6Q,FactTechz,vgrsdHzn9So,2025-10-05,4766920,468,234934,1846,-1
UCGdPm5Aq081vVD7ih9jZf6Q,FactTechz,vgrsdHzn9So,2025-10-04,5041035,364,256108,1929,1
UCGdPm5Aq081vVD7ih9jZf6Q,FactTechz,T5SZhb0VWpA,2025-10-10,6127676,296,286272,1648,-1
UCGdPm5Aq081vVD7ih9jZf6Q,FactTechz,T5SZhb0VWpA,2025-10-09,6193592,398,292253,1772,2
UCGdPm5Aq081vVD7ih9jZf6Q,FactTechz,T5SZhb0VWpA,2025-10-08,6042250,470,298088,1859,2
UCGdPm5Aq081vVD7ih9jZf6Q,FactTechz,T5SZhb0VWpA,2025-10-07,5925137,265,311674,2037,0
UCGdPm5Aq081vVD7ih9jZf6Q,FactTechz,T5SZhb0VWpA,2025-10-06,5851032,102,330346,2106,3
UCGdPm5Aq081vVD7ih9jZf6Q,FactTechz,T5SZhb0VWpA,2025-10-05,6140166,197,340762,2160,-1
UCGdPm5Aq081vVD7ih9jZf6Q,FactTechz,T5SZhb0VWpA,2025-10-04,5869726,310,355471,2346,0
UCGdPm5Aq081vVD7ih9jZf6Q,FactTechz,NIX71-DkbJw,2025-10-10,7974409,486,247882,2190,2
UCGdPm5Aq081vVD7ih9jZf6Q,FactTechz,NIX71-DkbJw,2025-10-09,7878513,443,259683,2090,1
UCGdPm5Aq081vVD7ih9jZf6Q,FactTechz,NIX71-DkbJw,2025-10-08,7595971,196,283393,1995,0
UCGdPm5Aq081vVD7ih9jZf6Q,FactTechz,NIX71-DkbJw,2025-10-07,8217677,199,285228,2086,2
UCGdPm5Aq081vVD7ih9jZf6Q,FactTechz,NIX71-DkbJw,2025-10-06,7908848,460,291745,2275,3
UCGdPm5Aq081vVD7ih9jZf6Q,FactTechz,NIX71-DkbJw,2025-10-05,8407805,126,293448,2452,-1
UCGdPm5Aq081vVD7ih9jZf6Q,FactTechz,NIX71-DkbJw,2025-10-04,8328077,398,289774,2659,1
UCGdPm5Aq081vVD7ih9jZf6Q,FactTechz,8CdG1Ja-GWY,2025-10-10,5303071,344,204280,1333,0
UCGdPm5Aq081vVD7ih9jZf6Q,FactTechz,8CdG1Ja-GWY,2025-10-09,5583016,326,209292,1313,-1
UCGdPm5Aq081vVD7ih9jZf6Q,FactTechz,8CdG1Ja-GWY,2025-10-08,5328582,429,227111,1388,3
UCGdPm5Aq081vVD7ih9jZf6Q,FactTechz,8CdG1Ja-GWY,2025-10-07,5360179,395,222470,1452,3
UCGdPm5Aq081vVD7ih9jZf6Q,FactTechz,8CdG1Ja-GWY,2025-10-06,5592749,450,227337,1407,0
UCGdPm5Aq081vVD7ih9jZf6Q,FactTechz,8CdG1Ja-GWY,2025-10-05,5984716,378,230978,1503,1
UCGdPm5Aq081vVD7ih9jZf6Q,FactTechz,8CdG1Ja-GWY,2025-10-04,5702881,143,226620,1461,0
UCJMZv7U6JkcYayTbmJUSasg,Geeky Gadgets,Ia6-W9TkVT8,2025-10-10,317,341,1,0,3
UCJMZv7U6JkcYayTbmJUSasg,Geeky Gadgets,Ia6-W9TkVT8,2025-10-09,318,422,1,0,3
UCJMZv7U6JkcYayTbmJUSasg,Geeky Gadgets,Ia6-W9TkVT8,2025-10-08,325,196,1,0,2
UCJMZv7U6JkcYayTbmJUSasg,Geeky Gadgets,Ia6-W9TkVT8,2025-10-07,342,399,0,0,1
UCJMZv7U6JkcYayTbmJUSasg,Geeky Gadgets,Ia6-W9TkVT8,2025-10-06,367,244,0,0,2
UCJMZv7U6JkcYayTbmJUSasg,Geeky Gadgets,Ia6-W9TkVT8,2025-10-05,358,114,0,0,2
UCJMZv7U6JkcYayTbmJUSasg,Geeky Gadgets,Ia6-W9TkVT8,2025-10-04,367,172,0,0,-1
UCJMZv7U6JkcYayTbmJUSasg,Geeky Gadgets,hqozboqpV8w,2025-10-10,11,457,0,0,-1
UCJMZv7U6JkcYayTbmJUSasg,Geeky Gadgets,hqozboqpV8w,2025-10-09,11,394,0,0,1
UCJMZv7U6JkcYayTbmJUSasg,Geeky Gadgets,hqozboqpV8w,2025-10-08,12,487,0,0,0
UCJMZv7U6JkcYayTbmJUSasg,Geeky Gadgets,hqozboqpV8w,2025-10-07,12,403,0,0,1
UCJMZv7U6JkcYayTbmJUSasg,Geeky Gadgets,hqozboqpV8w,2025-10-06,11,194,0,0,3
UCJMZv7U6JkcYayTbmJUSasg,Geeky Gadgets,hqozboqpV8w,2025-10-05,10,306,0,0,1
UCJMZv7U6JkcYayTbmJUSasg,Geeky Gadgets,hqozboqpV8w,2025-10-04,10,395,0,0,2
UCJMZv7U6JkcYayTbmJUSasg,Geeky Gadgets,U5Veg7k2d3E,2025-10-10,266,467,2,0,1
UCJMZv7U6JkcYayTbmJUSasg,Geeky Gadgets,U5Veg7k2d3E,2025-10-09,271,170,2,0,0
UCJMZv7U6JkcYayTbmJUSasg,Geeky Gadgets,U5Veg7k2d3E,2025-10-08,257,326,2,0,1
UCJMZv7U6JkcYayTbmJUSasg,Geeky Gadgets,U5Veg7k2d3E,2025-10-07,280,104,1,0,-1
UCJMZv7U6JkcYayTbmJUSasg,Geeky Gadgets,U5Veg7k2d3E,2025-10-06,305,148,0,0,2
UCJMZv7U6JkcYayTbmJUSasg,Geeky Gadgets,U5Veg7k2d3E,2025-10-05,324,201,0,0,1
UCJMZv7U6JkcYayTbmJUSasg,Geeky Gadgets,U5Veg7k2d3E,2025-10-04,310,476,0,0,2
UCJMZv7U6JkcYayTbmJUSasg,Geeky Gadgets,ZERAbq4j414,2025-10-10,162,200,1,0,1
UCJMZv7U6JkcYayTbmJUSasg,Geeky Gadgets,ZERAbq4j414,2025-10-09,157,334,0,0,3
UCJMZv7U6JkcYayTbmJUSasg,Geeky Gadgets,ZERAbq4j414,2025-10-08,170,446,0,0,3
UCJMZv7U6JkcYayTbmJUSasg,Geeky Gadgets,ZERAbq4j414,2025-10-07,165,150,0,0,2
UCJMZv7U6JkcYayTbmJUSasg,Geeky Gadgets,ZERAbq4j414,2025-10-06,169,358,0,0,2
UCJMZv7U6JkcYayTbmJUSasg,Geeky Gadgets,ZERAbq4j414,2025-10-05,184,379,0,0,0
UCJMZv7U6JkcYayTbmJUSasg,Geeky Gadgets,ZERAbq4j414,2025-10-04,200,322,0,0,0
UCBqFKDipsnzvJdt6UT0lMIg,Sandeep Maheshwari,Nh3Bg107fSc,2025-10-10,437488,294,12374,1636,3
UCBqFKDipsnzvJdt6UT0lMIg,Sandeep Maheshwari,Nh3Bg107fSc,2025-10-09,471565,356,12712,1723,3
UCBqFKDipsnzvJdt6UT0lMIg,Sandeep Maheshwari,Nh3Bg107fSc,2025-10-08,499331,349,13592,1845,1
UCBqFKDipsnzvJdt6UT0lMIg,Sandeep Maheshwari,Nh3Bg107fSc,2025-10-07,540032,444,12917,1823,0
UCBqFKDipsnzvJdt6UT0lMIg,Sandeep Maheshwari,Nh3Bg107fSc,2025-10-06,516756,370,13318,1843,2
UCBqFKDipsnzvJdt6UT0lMIg,Sandeep Maheshwari,Nh3Bg107fSc,2025-10-05,511197,250,13953,1911,-1
UCBqFKDipsnzvJdt6UT0lMIg,Sandeep Maheshwari,Nh3Bg107fSc,2025-10-04,505805,475,14046,2051,0
UCBqFKDipsnzvJdt6UT0lMIg,Sandeep Maheshwari,95N4Ix8lOsc,2025-10-10,269099,220,11177,901,-1
UCBqFKDipsnzvJdt6UT0lMIg,Sandeep Maheshwari,95N4Ix8lOsc,2025-10-09,264896,155,10918,874,0
UCBqFKDipsnzvJdt6UT0lMIg,Sandeep Maheshwari,95N4Ix8lOsc,2025-10-08,283734,271,11296,925,1
UCBqFKDipsnzvJdt6UT0lMIg,Sandeep Maheshwari,95N4Ix8lOsc,2025-10-07,274154,106,11769,969,0
UCBqFKDipsnzvJdt6UT0lMIg,Sandeep Maheshwari,95N4Ix8lOsc,2025-10-06,260779,302,11263,1002,2
UCBqFKDipsnzvJdt6UT0lMIg,Sandeep Maheshwari,95N4Ix8lOsc,2025-10-05,268725,359,11963,1035,0
UCBqFKDipsnzvJdt6UT0lMIg,Sandeep Maheshwari,95N4Ix8lOsc,2025-10-04,259355,103,12613,1130,2
UCBqFKDipsnzvJdt6UT0lMIg,Sandeep Maheshwari,e5ij3r_aco0,2025-10-10,265428,204,9875,666,0
UCBqFKDipsnzvJdt6UT0lMIg,Sandeep Maheshwari,e5ij3r_aco0,2025-10-09,256920,156,9877,701,0
UCBqFKDipsnzvJdt6UT0lMIg,Sandeep Maheshwari,e5ij3r_aco0,2025-10-08,250873,227,9666,726,2
UCBqFKDipsnzvJdt6UT0lMIg,Sandeep Maheshwari,e5ij3r_aco0,2025-10-07,259058,229,10487,696,2
UCBqFKDipsnzvJdt6UT0lMIg,Sandeep Maheshwari,e5ij3r_aco0,2025-10-06,261521,219,10675,672,3
UCBqFKDipsnzvJdt6UT0lMIg,Sandeep Maheshwari,e5ij3r_aco0,2025-10-05,270611,203,10885,731,1
UCBqFKDipsnzvJdt6UT0lMIg,Sandeep Maheshwari,e5ij3r_aco0,2025-10-04,271866,409,11235,744,1
UCBqFKDipsnzvJdt6UT0lMIg,Sandeep Maheshwari,C2Mb-DI9EUU,2025-10-10,300543,379,12664,872,1
UCBqFKDipsnzvJdt6UT0lMIg,Sandeep Maheshwari,C2Mb-DI9EUU,2025-10-09,297574,395,13580,923,0
UCBqFKDipsnzvJdt6UT0lMIg,Sandeep Maheshwari,C2Mb-DI9EUU,2025-10-08,325457,297,14161,972,3
UCBqFKDipsnzvJdt6UT0lMIg,Sandeep Maheshwari,C2Mb-DI9EUU,2025-10-07,337188,312,13955,1023,3
UCBqFKDipsnzvJdt6UT0lMIg,Sandeep Maheshwari,C2Mb-DI9EUU,2025-10-06,336193,167,14740,1069,-1
UCBqFKDipsnzvJdt6UT0lMIg,Sandeep Maheshwari,C2Mb-DI9EUU,2025-10-05,368342,352,15036,1149,0
UCBqFKDipsnzvJdt6UT0lMIg,Sandeep Maheshwari,C2Mb-DI9EUU,2025-10-04,352242,464,15602,1118,-1
UCNn6AaHharXIbkRleXGboiQ,Mumbiker Nikhil,c7Kjor8G1Lc,2025-10-10,93620,194,7381,211,-1
UCNn6AaHharXIbkRleXGboiQ,Mumbiker Nikhil,c7Kjor8G1Lc,2025-10-09,93393,467,7700,223,1
UCNn6AaHharXIbkRleXGboiQ,Mumbiker Nikhil,c7Kjor8G1Lc,2025-10-08,96176,409,8178,232,1
UCNn6AaHharXIbkRleXGboiQ,Mumbiker Nikhil,c7Kjor8G1Lc,2025-10-07,100601,464,8690,246,3
UCNn6AaHharXIbkRleXGboiQ,Mumbiker Nikhil,c7Kjor8G1Lc,2025-10-06,106471,481,8861,250,1
UCNn6AaHharXIbkRleXGboiQ,Mumbiker Nikhil,c7Kjor8G1Lc,2025-10-05,104680,339,9136,273,2
UCNn6AaHharXIbkRleXGboiQ,Mumbiker Nikhil,c7Kjor8G1Lc,2025-10-04,102863,131,8885,292,0
UCNn6AaHharXIbkRleXGboiQ,Mumbiker Nikhil,pDMKu_t4nnk,2025-10-10,79642,141,5587,206,1
UCNn6AaHharXIbkRleXGboiQ,Mumbiker Nikhil,pDMKu_t4nnk,2025-10-09,78531,449,6087,202,1
UCNn6AaHharXIbkRleXGboiQ,Mumbiker Nikhil,pDMKu_t4nnk,2025-10-08,74983,422,5842,201,1
UCNn6AaHharXIbkRleXGboiQ,Mumbiker Nikhil,pDMKu_t4nnk,2025-10-07,80053,241,6103,196,-1
UCNn6AaHharXIbkRleXGboiQ,Mumbiker Nikhil,pDMKu_t4nnk,2025-10-06,84314,490,5929,191,3
UCNn6AaHharXIbkRleXGboiQ,Mumbiker Nikhil,pDMKu_t4nnk,2025-10-05,84670,213,6008,190,3
UCNn6AaHharXIbkRleXGboiQ,Mumbiker Nikhil,pDMKu_t4nnk,2025-10-04,82561,498,6393,191,2
UCNn6AaHharXIbkRleXGboiQ,Mumbiker Nikhil,fQ9xkWwihFo,2025-10-10,85635,210,4053,102,2
UCNn6AaHharXIbkRleXGboiQ,Mumbiker Nikhil,fQ9xkWwihFo,2025-10-09,82008,177,4228,107,0
UCNn6AaHharXIbkRleXGboiQ,Mumbiker Nikhil,fQ9xkWwihFo,2025-10-08,79895,273,4169,108,3
UCNn6AaHharXIbkRleXGboiQ,Mumbiker Nikhil,fQ9xkWwihFo,2025-10-07,82948,305,4312,103,0
UCNn6AaHharXIbkRleXGboiQ,Mumbiker Nikhil,fQ9xkWwihFo,2025-10-06,83559,458,4637,110,0
UCNn6AaHharXIbkRleXGboiQ,Mumbiker Nikhil,fQ9xkWwihFo,2025-10-05,88622,388,4735,110,-1
UCNn6AaHharXIbkRleXGboiQ,Mumbiker Nikhil,fQ9xkWwihFo,2025-10-04,84734,288,5138,106,-1
UCNn6AaHharXIbkRleXGboiQ,Mumbiker Nikhil,CACrqNHZEZI,2025-10-10,104001,476,6153,157,-1
UCNn6AaHharXIbkRleXGboiQ,Mumbiker Nikhil,CACrqNHZEZI,2025-10-09,106628,500,6287,160,2
UCNn6AaHharXIbkRleXGboiQ,Mumbiker Nikhil,CACrqNHZEZI,2025-10-08,108381,259,6153,160,-1
UCNn6AaHharXIbkRleXGboiQ,Mumbiker Nikhil,CACrqNHZEZI,2025-10-07,105301,332,6061,152,0
UCNn6AaHharXIbkRleXGboiQ,Mumbiker Nikhil,CACrqNHZEZI,2025-10-06,100732,365,6230,153,0
UCNn6AaHharXIbkRleXGboiQ,Mumbiker Nikhil,CACrqNHZEZI,2025-10-05,102391,366,6379,157,1
UCNn6AaHharXIbkRleXGboiQ,Mumbiker Nikhil,CACrqNHZEZI,2025-10-04,104347,114,6217,157,3
UC1D1vdq169T7w5iJ45zZL5Q,Technical Dost,hAKnInpfujU,2025-10-10,59858,361,4543,398,2
UC1D1vdq169T7w5iJ45zZL5Q,Technical Dost,hAKnInpfujU,2025-10-09,62443,392,4501,388,2
UC1D1vdq169T7w5iJ45zZL5Q,Technical Dost,hAKnInpfujU,2025-10-08,62464,325,4616,410,-1
UC1D1vdq169T7w5iJ45zZL5Q,Technical Dost,hAKnInpfujU,2025-10-07,63233,495,4729,403,3
UC1D1vdq169T7w5iJ45zZL5Q,Technical Dost,hAKnInpfujU,2025-10-06,63976,372,4784,430,0
UC1D1vdq169T7w5iJ45zZL5Q,Technical Dost,hAKnInpfujU,2025-10-05,69579,123,4981,435,2
UC1D1vdq169T7w5iJ45zZL5Q,Technical Dost,hAKnInpfujU,2025-10-04,70667,114,5319,429,0
UC1D1vdq169T7w5iJ45zZL5Q,Technical Dost,CglEaYCedgY,2025-10-10,404167,241,24946,519,3
UC1D1vdq169T7w5iJ45zZL5Q,Technical Dost,CglEaYCedgY,2025-10-09,384852,421,25994,523,1
UC1D1vdq169T7w5iJ45zZL5Q,Technical Dost,CglEaYCedgY,2025-10-08,397071,487,25469,555,0
UC1D1vdq169T7w5iJ45zZL5Q,Technical Dost,CglEaYCedgY,2025-10-07,391818,229,26365,581,3
UC1D1vdq169T7w5iJ45zZL5Q,Technical Dost,CglEaYCedgY,2025-10-06,402173,425,25317,567,3
UC1D1vdq169T7w5iJ45zZL5Q,Technical Dost,CglEaYCedgY,2025-10-05,387040,191,26252,588,0
UC1D1vdq169T7w5iJ45zZL5Q,Technical Dost,CglEaYCedgY,2025-10-04,378088,229,24996,563,1
UC1D1vdq169T7w5iJ45zZL5Q,Technical Dost,X5A0qu3oGS0,2025-10-10,294739,384,21846,2442,-1
UC1D1vdq169T7w5iJ45zZL5Q,Technical Dost,X5A0qu3oGS0,2025-10-09,285635,304,24001,2665,2
UC1D1vdq169T7w5iJ45zZL5Q,Technical Dost,X5A0qu3oGS0,2025-10-08,298078,497,25757,2918,-1
UC1D1vdq169T7w5iJ45zZL5Q,Technical Dost,X5A0qu3oGS0,2025-10-07,306999,206,28031,2857,1
UC1D1vdq169T7w5iJ45zZL5Q,Technical Dost,X5A0qu3oGS0,2025-10-06,322770,113,29340,3059,-1
UC1D1vdq169T7w5iJ45zZL5Q,Technical Dost,X5A0qu3oGS0,2025-10-05,354370,207,31261,3290,0
UC1D1vdq169T7w5iJ45zZL5Q,Technical Dost,X5A0qu3oGS0,2025-10-04,359319,396,30323,3193,3
UC1D1vdq169T7w5iJ45zZL5Q,Technical Dost,IEpCPkgB-PE,2025-10-10,124043,428,10280,204,3
UC1D1vdq169T7w5iJ45zZL5Q,Technical Dost,IEpCPkgB-PE,2025-10-09,134509,299,10435,199,3
UC1D1vdq169T7w5iJ45zZL5Q,Technical Dost,IEpCPkgB-PE,2025-10-08,131450,232,10573,202,1
UC1D1vdq169T7w5iJ45zZL5Q,Technical Dost,IEpCPkgB-PE,2025-10-07,140095,394,11532,210,3
UC1D1vdq169T7w5iJ45zZL5Q,Technical Dost,IEpCPkgB-PE,2025-10-06,154002,101,12615,204,2
UC1D1vdq169T7w5iJ45zZL5Q,Technical Dost,IEpCPkgB-PE,2025-10-05,163141,396,13441,212,3
UC1D1vdq169T7w5iJ45zZL5Q,Technical Dost,IEpCPkgB-PE,2025-10-04,161509,444,13838,210,0
UClVIlK8QHZ2PFkXF97bA0lg,C4ETech English,uiBahVN9Tck,2025-10-10,15214,179,322,10,1
UClVIlK8QHZ2PFkXF97bA0lg,C4ETech English,uiBahVN9Tck,2025-10-09,15177,189,330,10,2
UClVIlK8QHZ2PFkXF97bA0lg,C4ETech English,uiBahVN9Tck,2025-10-08,16531,292,336,10,2
UClVIlK8QHZ2PFkXF97bA0lg,C4ETech English,uiBahVN9Tck,2025-10-07,17402,186,332,9,3
UClVIlK8QHZ2PFkXF97bA0lg,C4ETech English,uiBahVN9Tck,2025-10-06,17192,204,361,9,3
UClVIlK8QHZ2PFkXF97bA0lg,C4ETech English,uiBahVN9Tck,2025-10-05,18154,488,366,9,3
UClVIlK8QHZ2PFkXF97bA0lg,C4ETech English,uiBahVN9Tck,2025-10-04,19709,434,382,9,0
UClVIlK8QHZ2PFkXF97bA0lg,C4ETech English,F3PVLLREEEQ,2025-10-10,92853,323,1465,178,1
UClVIlK8QHZ2PFkXF97bA0lg,C4ETech English,F3PVLLREEEQ,2025-10-09,92420,117,1552,169,1
UClVIlK8QHZ2PFkXF97bA0lg,C4ETech English,F3PVLLREEEQ,2025-10-08,98315,283,1625,175,-1
UClVIlK8QHZ2PFkXF97bA0lg,C4ETech English,F3PVLLREEEQ,2025-10-07,95325,236,1771,176,0
UClVIlK8QHZ2PFkXF97bA0lg,C4ETech English,F3PVLLREEEQ,2025-10-06,101162,478,1876,176,0
UClVIlK8QHZ2PFkXF97bA0lg,C4ETech English,F3PVLLREEEQ,2025-10-05,103834,252,1809,170,1
UClVIlK8QHZ2PFkXF97bA0lg,C4ETech English,F3PVLLREEEQ,2025-10-04,113907,437,1738,163,1
UClVIlK8QHZ2PFkXF97bA0lg,C4ETech English,e11BgLBo8OE,2025-10-10,6220,167,219,8,2
UClVIlK8QHZ2PFkXF97bA0lg,C4ETech English,e11BgLBo8OE,2025-10-09,6720,231,208,7,1
UClVIlK8QHZ2PFkXF97bA0lg,C4ETech English,e11BgLBo8OE,2025-10-08,6974,119,199,7,-1
UClVIlK8QHZ2PFkXF97bA0lg,C4ETech English,e11BgLBo8OE,2025-10-07,7098,150,196,7,2
UClVIlK8QHZ2PFkXF97bA0lg,C4ETech English,e11BgLBo8OE,2025-10-06,7009,163,205,7,2
UClVIlK8QHZ2PFkXF97bA0lg,C4ETech English,e11BgLBo8OE,2025-10-05,7031,171,195,7,3
UClVIlK8QHZ2PFkXF97bA0lg,C4ETech English,e11BgLBo8OE,2025-10-04,7625,106,188,6,0
UClVIlK8QHZ2PFkXF97bA0lg,C4ETech English,nNI5zIyETKc,2025-10-10,9797,229,240,6,2
UClVIlK8QHZ2PFkXF97bA0lg,C4ETech English,nNI5zIyETKc,2025-10-09,9614,333,242,6,0
UClVIlK8QHZ2PFkXF97bA0lg,C4ETech English,nNI5zIyETKc,2025-10-08,9764,378,232,6,0
UClVIlK8QHZ2PFkXF97bA0lg,C4ETech English,nNI5zIyETKc,2025-10-07,10059,479,241,6,-1
UClVIlK8QHZ2PFkXF97bA0lg,C4ETech English,nNI5zIyETKc,2025-10-06,10692,280,258,5,0
UClVIlK8QHZ2PFkXF97bA0lg,C4ETech English,nNI5zIyETKc,2025-10-05,10997,432,281,5,3
UClVIlK8QHZ2PFkXF97bA0lg,C4ETech English,nNI5zIyETKc,2025-10-04,10954,310,287,5,0
UCXUJJNoP1QupwsYIWFXmsZg,Tech Burner,vQapfLDo-lo,2025-10-10,2390057,207,137719,4654,0
UCXUJJNoP1QupwsYIWFXmsZg,Tech Burner,vQapfLDo-lo,2025-10-09,2458943,121,138536,4637,2
UCXUJJNoP1QupwsYIWFXmsZg,Tech Burner,vQapfLDo-lo,2025-10-08,2417080,383,147473,4638,1
UCXUJJNoP1QupwsYIWFXmsZg,Tech Burner,vQapfLDo-lo,2025-10-07,2384612,368,159486,4544,-1
UCXUJJNoP1QupwsYIWFXmsZg,Tech Burner,vQapfLDo-lo,2025-10-06,2507787,322,157513,4913,3
UCXUJJNoP1QupwsYIWFXmsZg,Tech Burner,vQapfLDo-lo,2025-10-05,2733446,188,153660,5398,2
UCXUJJNoP1QupwsYIWFXmsZg,Tech Burner,vQapfLDo-lo,2025-10-04,2996768,124,159668,5858,-1
UCXUJJNoP1QupwsYIWFXmsZg,Tech Burner,H_4j7eMVU5E,2025-10-10,163608,309,4931,224,2
UCXUJJNoP1QupwsYIWFXmsZg,Tech Burner,H_4j7eMVU5E,2025-10-09,179294,201,4821,239,0
UCXUJJNoP1QupwsYIWFXmsZg,Tech Burner,H_4j7eMVU5E,2025-10-08,196425,198,4779,252,3
UCXUJJNoP1QupwsYIWFXmsZg,Tech Burner,H_4j7eMVU5E,2025-10-07,194107,483,4793,265,0
UCXUJJNoP1QupwsYIWFXmsZg,Tech Burner,H_4j7eMVU5E,2025-10-06,196394,362,5267,258,3
UCXUJJNoP1QupwsYIWFXmsZg,Tech Burner,H_4j7eMVU5E,2025-10-05,196139,196,5025,270,2
UCXUJJNoP1QupwsYIWFXmsZg,Tech Burner,H_4j7eMVU5E,2025-10-04,206426,177,5163,294,-1
UCXUJJNoP1QupwsYIWFXmsZg,Tech Burner,BBNjthn8O9Y,2025-10-10,1868815,160,35636,1597,-1
UCXUJJNoP1QupwsYIWFXmsZg,Tech Burner,BBNjthn8O9Y,2025-10-09,2029974,435,38315,1544,0
UCXUJJNoP1QupwsYIWFXmsZg,Tech Burner,BBNjthn8O9Y,2025-10-08,2165929,110,38855,1567,2
UCXUJJNoP1QupwsYIWFXmsZg,Tech Burner,BBNjthn8O9Y,2025-10-07,2365756,109,41000,1628,2
UCXUJJNoP1QupwsYIWFXmsZg,Tech Burner,BBNjthn8O9Y,2025-10-06,2558225,231,39849,1552,1
UCXUJJNoP1QupwsYIWFXmsZg,Tech Burner,BBNjthn8O9Y,2025-10-05,2667480,167,43391,1527,-1
UCXUJJNoP1QupwsYIWFXmsZg,Tech Burner,BBNjthn8O9Y,2025-10-04,2748422,182,42083,1581,-1
UCXUJJNoP1QupwsYIWFXmsZg,Tech Burner,WKsELvH_5hg,2025-10-10,1462442,372,48423,2209,0
UCXUJJNoP1QupwsYIWFXmsZg,Tech Burner,WKsELvH_5hg,2025-10-09,1403916,241,48250,2291,1
UCXUJJNoP1QupwsYIWFXmsZg,Tech Burner,WKsELvH_5hg,2025-10-08,1354528,163,50590,2456,3
UCXUJJNoP1QupwsYIWFXmsZg,Tech Burner,WKsELvH_5hg,2025-10-07,1455187,106,53131,2609,1
UCXUJJNoP1QupwsYIWFXmsZg,Tech Burner,WKsELvH_5hg,2025-10-06,1546535,226,51749,2650,1
UCXUJJNoP1QupwsYIWFXmsZg,Tech Burner,WKsELvH_5hg,2025-10-05,1612323,161,53334,2893,-1
UCXUJJNoP1QupwsYIWFXmsZg,Tech Burner,WKsELvH_5hg,2025-10-04,1724188,107,57836,2918,2
UCKO4P-n6MXW-TbGxOpYROSQ,MySmartPrice,zrkDkZ-khTA,2025-10-10,184,234,11,1,-1
UCKO4P-n6MXW-TbGxOpYROSQ,MySmartPrice,zrkDkZ-khTA,2025-10-09,184,281,11,1,2
UCKO4P-n6MXW-TbGxOpYROSQ,MySmartPrice,zrkDkZ-khTA,2025-10-08,195,434,10,1,0
UCKO4P-n6MXW-TbGxOpYROSQ,MySmartPrice,zrkDkZ-khTA,2025-10-07,194,310,9,0,0
UCKO4P-n6MXW-TbGxOpYROSQ,MySmartPrice,zrkDkZ-khTA,2025-10-06,205,278,9,0,1
UCKO4P-n6MXW-TbGxOpYROSQ,MySmartPrice,zrkDkZ-khTA,2025-10-05,196,398,9,0,-1
UCKO4P-n6MXW-TbGxOpYROSQ,MySmartPrice,zrkDkZ-khTA,2025-10-04,191,121,9,0,2
UCKO4P-n6MXW-TbGxOpYROSQ,MySmartPrice,snGfgZTtAs0,2025-10-10,1202,146,55,2,3
UCKO4P-n6MXW-TbGxOpYROSQ,MySmartPrice,snGfgZTtAs0,2025-10-09,1300,131,52,2,-1
UCKO4P-n6MXW-TbGxOpYROSQ,MySmartPrice,snGfgZTtAs0,2025-10-08,1316,138,52,2,3
UCKO4P-n6MXW-TbGxOpYROSQ,MySmartPrice,snGfgZTtAs0,2025-10-07,1432,349,52,2,2
UCKO4P-n6MXW-TbGxOpYROSQ,MySmartPrice,snGfgZTtAs0,2025-10-06,1523,133,57,2,0
UCKO4P-n6MXW-TbGxOpYROSQ,MySmartPrice,snGfgZTtAs0,2025-10-05,1457,100,58,1,0
UCKO4P-n6MXW-TbGxOpYROSQ,MySmartPrice,snGfgZTtAs0,2025-10-04,1549,128,60,0,2
UCKO4P-n6MXW-TbGxOpYROSQ,MySmartPrice,o-O197YfNBA,2025-10-10,2212,431,33,0,1
UCKO4P-n6MXW-TbGxOpYROSQ,MySmartPrice,o-O197YfNBA,2025-10-09,2220,178,32,0,0
UCKO4P-n6MXW-TbGxOpYROSQ,MySmartPrice,o-O197YfNBA,2025-10-08,2367,302,30,0,0
UCKO4P-n6MXW-TbGxOpYROSQ,MySmartPrice,o-O197YfNBA,2025-10-07,2530,131,31,0,3
UCKO4P-n6MXW-TbGxOpYROSQ,MySmartPrice,o-O197YfNBA,2025-10-06,2516,162,30,0,3
UCKO4P-n6MXW-TbGxOpYROSQ,MySmartPrice,o-O197YfNBA,2025-10-05,2695,113,28,0,1
UCKO4P-n6MXW-TbGxOpYROSQ,MySmartPrice,o-O197YfNBA,2025-10-04,2649,157,27,0,1
UCKO4P-n6MXW-TbGxOpYROSQ,MySmartPrice,FtP4I3i7kfA,2025-10-10,100817,467,2173,7,2
UCKO4P-n6MXW-TbGxOpYROSQ,MySmartPrice,FtP4I3i7kfA,2025-10-09,110865,425,2199,7,-1
UCKO4P-n6MXW-TbGxOpYROSQ,MySmartPrice,FtP4I3i7kfA,2025-10-08,117584,276,2372,7,-1
UCKO4P-n6MXW-TbGxOpYROSQ,MySmartPrice,FtP4I3i7kfA,2025-10-07,128448,389,2261,7,-1
UCKO4P-n6MXW-TbGxOpYROSQ,MySmartPrice,FtP4I3i7kfA,2025-10-06,123567,407,2232,7,2
UCKO4P-n6MXW-TbGxOpYROSQ,MySmartPrice,FtP4I3i7kfA,2025-10-05,123630,444,2166,6,1
UCKO4P-n6MXW-TbGxOpYROSQ,MySmartPrice,FtP4I3i7kfA,2025-10-04,123238,193,2157,6,2
UCEPL07qzVsOcHd3sMUws65g,Trakin Tech,fBtkxKt-FNE,2025-10-10,240448,182,11234,371,1
UCEPL07qzVsOcHd3sMUws65g,Trakin Tech,fBtkxKt-FNE,2025-10-09,239767,116,12308,387,-1
UCEPL07qzVsOcHd3sMUws65g,Trakin Tech,fBtkxKt-FNE,2025-10-08,245799,385,12475,379,-1
UCEPL07qzVsOcHd3sMUws65g,Trakin Tech,fBtkxKt-FNE,2025-10-07,237978,461,13296,411,-1
UCEPL07qzVsOcHd3sMUws65g,Trakin Tech,fBtkxKt-FNE,2025-10-06,249831,428,13588,412,-1
UCEPL07qzVsOcHd3sMUws65g,Trakin Tech,fBtkxKt-FNE,2025-10-05,268545,226,14425,405,1
UCEPL07qzVsOcHd3sMUws65g,Trakin Tech,fBtkxKt-FNE,2025-10-04,289169,372,14073,391,2
UCEPL07qzVsOcHd3sMUws65g,Trakin Tech,ugcY8u6Fiz4,2025-10-10,556914,308,14528,1123,0
UCEPL07qzVsOcHd3sMUws65g,Trakin Tech,ugcY8u6Fiz4,2025-10-09,549893,473,14940,1102,1
UCEPL07qzVsOcHd3sMUws65g,Trakin Tech,ugcY8u6Fiz4,2025-10-08,552216,201,15676,1174,0
UCEPL07qzVsOcHd3sMUws65g,Trakin Tech,ugcY8u6Fiz4,2025-10-07,591050,189,16222,1158,1
UCEPL07qzVsOcHd3sMUws65g,Trakin Tech,ugcY8u6Fiz4,2025-10-06,564252,243,16470,1133,1
UCEPL07qzVsOcHd3sMUws65g,Trakin Tech,ugcY8u6Fiz4,2025-10-05,554280,210,16199,1092,0
UCEPL07qzVsOcHd3sMUws65g,Trakin Tech,ugcY8u6Fiz4,2025-10-04,586133,477,15610,1097,-1
UCEPL07qzVsOcHd3sMUws65g,Trakin Tech,CGbMs5F0u2M,2025-10-10,1325688,495,39011,2381,-1
UCEPL07qzVsOcHd3sMUws65g,Trakin Tech,CGbMs5F0u2M,2025-10-09,1429908,187,40485,2275,1
UCEPL07qzVsOcHd3sMUws65g,Trakin Tech,CGbMs5F0u2M,2025-10-08,1565348,383,40653,2174,3
UCEPL07qzVsOcHd3sMUws65g,Trakin Tech,CGbMs5F0u2M,2025-10-07,1633205,319,40116,2307,1
UCEPL07qzVsOcHd3sMUws65g,Trakin Tech,CGbMs5F0u2M,2025-10-06,1567058,475,42431,2213,2
UCEPL07qzVsOcHd3sMUws65g,Trakin Tech,CGbMs5F0u2M,2025-10-05,1541000,357,44803,2141,-1
UCEPL07qzVsOcHd3sMUws65g,Trakin Tech,CGbMs5F0u2M,2025-10-04,1566453,166,44322,2203,0
UCEPL07qzVsOcHd3sMUws65g,Trakin Tech,rF39NUo9cm4,2025-10-10,237416,438,9168,356,0
UCEPL07qzVsOcHd3sMUws65g,Trakin Tech,rF39NUo9cm4,2025-10-09,251608,483,9338,346,-1
UCEPL07qzVsOcHd3sMUws65g,Trakin Tech,rF39NUo9cm4,2025-10-08,246530,354,9189,345,2
UCEPL07qzVsOcHd3sMUws65g,Trakin Tech,rF39NUo9cm4,2025-10-07,270921,109,9877,340,1
UCEPL07qzVsOcHd3sMUws65g,Trakin Tech,rF39NUo9cm4,2025-10-06,258567,171,10118,368,-1
UCEPL07qzVsOcHd3sMUws65g,Trakin Tech,rF39NUo9cm4,2025-10-05,250897,209,10942,394,2
UCEPL07qzVsOcHd3sMUws65g,Trakin Tech,rF39NUo9cm4,2025-10-04,244598,272,11006,426,2
